-- phpMyAdmin SQL Dump
-- version 5.1.0
-- https://www.phpmyadmin.net/
--
-- Anamakine: 127.0.0.1
-- Üretim Zamanı: 09 Oca 2022, 17:03:57
-- Sunucu sürümü: 10.4.18-MariaDB
-- PHP Sürümü: 8.0.3

SET SQL_MODE = "NO_AUTO_VALUE_ON_ZERO";
START TRANSACTION;
SET time_zone = "+00:00";


/*!40101 SET @OLD_CHARACTER_SET_CLIENT=@@CHARACTER_SET_CLIENT */;
/*!40101 SET @OLD_CHARACTER_SET_RESULTS=@@CHARACTER_SET_RESULTS */;
/*!40101 SET @OLD_COLLATION_CONNECTION=@@COLLATION_CONNECTION */;
/*!40101 SET NAMES utf8mb4 */;

--
-- Veritabanı: `pewoi`
--

-- --------------------------------------------------------

--
-- Tablo için tablo yapısı `authorization`
--

CREATE TABLE `authorization` (
  `authId` int(11) NOT NULL,
  `authName` varchar(11) NOT NULL
) ENGINE=InnoDB DEFAULT CHARSET=utf8mb4;

--
-- Tablo döküm verisi `authorization`
--

INSERT INTO `authorization` (`authId`, `authName`) VALUES
(1, 'user'),
(2, 'moderator'),
(3, 'admin');

-- --------------------------------------------------------

--
-- Tablo için tablo yapısı `event`
--

CREATE TABLE `event` (
  `eventId` int(11) NOT NULL,
  `eventTitle` varchar(80) CHARACTER SET utf8 COLLATE utf8_turkish_ci NOT NULL,
  `eventContent` text CHARACTER SET utf8 COLLATE utf8_turkish_ci NOT NULL,
  `eventDate` date NOT NULL,
  `eventImg` varchar(100) NOT NULL,
  `creatorId` int(11) DEFAULT NULL,
  `location_FK` int(3) NOT NULL
) ENGINE=InnoDB DEFAULT CHARSET=utf8mb4;

--
-- Tablo döküm verisi `event`
--

INSERT INTO `event` (`eventId`, `eventTitle`, `eventContent`, `eventDate`, `eventImg`, `creatorId`, `location_FK`) VALUES
(93, 'Boğaziçi Marka Sohbetleri 2021', 'Boğaziçi Marka Sohbetleri 22 Aralık\'ta Boğaziçi Üniversitesi\'nde sizlerle!\r\n\r\nBoğaziçi Marka Sohbetleri, marka ve pazarlama alanında kendini geliştirmek isteyen kişileri, alanında markalaşmış isimlerle sohbet havasında bir oturumla buluşturmayı amaçlayan bir etkinliktir. Boğaziçi Marka Sohbetleri\'nin ikincisi 22 Aralık\'ta Boğaziçi Üniversitesinde sizlerle!', '2021-12-26', '87775b66fc593401335e76fb8fc3c52b.jpg', 2, 3),
(94, 'Proje Yönetimi: 2021\'den 2022\'ye', 'Proje yönetimindeki yenilikler Çevikte yeni yaklaşımlar: Disciplined Agile ve Sertifikaları PMP® sınav değişikliği\r\n\r\n23 Aralık 2021 tarihinde Proje İZDüşümleri Webinar serimizin 14. Bölümü “Proje Yönetimi: 2021\'den 2022\'ye” ile 20:30-22:00 saatleri arasında sizlerleyiz!\r\n\r\n• Proje yönetimindeki yenilikler\r\n\r\n• Çevikte yeni yaklaşımlar: Disciplined Agile ve Sertifikaları\r\n\r\n• PMP® sınav değişikliği ve diğer PMI® sertifikasyonları\r\n\r\n• PMP® hazırlık yol haritası\r\n\r\n• Adaptasyon için proje yönetimi olgunluğu, ama nasıl?\r\n\r\nve daha fazlasının yanıtlarını alacağımız etkinliğimizde Sn. Dilek Koçak,PMP ve Sn. Selda Barbaros, PMP bizlerle olacak!\r\n\r\nWebinar kayıt formu: https://docs.google.com/forms/d/e/1FAIpQLScnwYFrIvSfD1WqhkACYrk0Z_EPDZdTHw44Hlx4yil36GO8xw/viewform\r\n\r\nNot: Etkinliğimiz Zoom platformu üzerinden gerçekleştirilecektir ve ücretsizdir. Eş zamanlı olarak Youtube üzerinden de izlenebilecektir.\r\n\r\n*Etkinliğimiz 1 Teknik PDU değerindedir.\r\n\r\n*Etkinlik sonrası webinar kaydının youtube linki ve haber görselini PDU için kanıt belgesi olarak kullanabilirsiniz.\r\n\r\nYoutube Kanalımız: https://www.youtube.com/channel/UCeSa9Hr95GEj3MG2GhPwEXA\r\n\r\n*Proje İZDüşümleri Webinarları serimizin önceki bölümlerine Youtube Kanalımızdan ulaşabilirsiniz.', '2021-12-23', '46ca00c8c4c5f1374726309f73bb0065.jpg', 2, 2),
(95, 'Product Hunt Istanbul Meetup: Women in Tech Night', 'We aim to encourage women to step into the field of tech. Let\'s share, learn & have fun!\r\nAbout this event\r\nWomen in Tech Night\r\nPanel: Step into Tech Industry\r\n\r\nSpeakers:\r\n\r\nBengü Vefa (Global AI Hub - Head of Global Partnerships Team )\r\nMerve İşler (Google - Developer Relations Coordinator)\r\nMina İlköz (Co-Founder - Up School)\r\nModerator:\r\n\r\nTuğçe İçözü (Product Hunt Ambassador)\r\nWomen Techmakers\r\n\r\n#IamRemarkable Workshop - Gül Ceren Tunay & Berfin Karaca\r\nHow to become a developer? - Esra Kadah\r\nWe aim to encourage women to step into the field of tech and development. Let\'s share & have fun!\r\n\r\nOur maximum capacity for the venue is limited due to the Covid-19 situation.\r\n\r\nDo not forget to fill out the form:\r\nhttps://forms.gle/R1z35zobABGtaaAd7\r\n\r\nEVENT DETAILS\r\nWhat: The Product Hunt Meetup in Istanbul\r\n\r\nWhere: Assembly Ferko Signature - 175 Büyükdere Cd. 34394 Levent, ISTANBUL\r\n\r\nWhen: 23.12.2021\r\n\r\nThe Night\'s Theme: Women in Tech\r\n\r\nREQUIREMENTS\r\nTo join the event, you must:\r\n\r\n- Have a profile on Product Hunt (don\'t have one yet? Set it up here!)\r\n\r\n- Please do wear a mask when you do not eat or drink.\r\n\r\n- Also we do temperature check is required at the entrance.\r\n\r\nTeknolojide Kadınlar\r\nPanel: Teknoloji sektörüne adım atmak\r\n\r\nKonuşmacılar:\r\n\r\nBengü Vefa (Global AI Hub - Head of Global Partnerships Team )\r\nMerve İşler (Google - Developer Relations Coordinator)\r\nMina İlköz (Co-Founder - Upschool)\r\nModeratör:\r\n\r\nTuğçe İçözü (Product Hunt Ambassador)\r\nWomen Techmakers\r\n\r\n#IamRemarkable Atölyesi - Gül Ceren Tunay & Berfin Karaca\r\nGeliştirici dünyasına adım atmak - Esra Kadah\r\nFormu doldurmayı unutmayın:\r\nhttps://forms.gle/R1z35zobABGtaaAd7\r\n\r\nKadınları teknoloji alanına adım atmaya teşvik etmeyi amaçlıyoruz. Paylaşalım, öğrenelim ve eğlenelim!\r\n\r\nCovid-19 nedeniyle maksimum katılımcı sayımız sınırlıdır.\r\n\r\nETKİNLİK DETAYLARI\r\nNe: Product Hunt Istanbul Meetup\r\n\r\nNerede: Assembly Ferko Signature - 175 Büyükdere Cd. 34394 Levent, ISTANBUL\r\n\r\nNe zaman: 23.12.2021\r\n\r\nEtkinlik teması: Teknolojide kadınlar\r\n\r\nKATILIM KOŞULLARI\r\nEtkinliğe katılmak için;\r\n\r\n- Product Hunt\'ta profiliniz olması gerekiyor (Henüz oluşturmadınız mı? Hemen kaydolun!)\r\n\r\n- Lütfen maske takın.\r\n\r\n- Girişte ateş ölçümü ve aşı kartı kontrolü yapılmaktadır.\r\n\r\n- Kişi 2 doz aşılı değil veya negatif PCR testi yok ise etkinliğe katılmasına müsaade edilmeyecektir. Kişinin 2 doz aşılı sayılabilmesi için 2. doz aşısının üzerinden 14 gün geçmiş olması gerekmektedir.', '2021-12-23', '2402bdf8496a5b1984f8624c94812d26.jpg', 73, 3),
(96, 'Ankara Girişimcilik Zirvesi 2021', 'Ankara Girişimcilik Zirvesi 2021\r\nAbout this event\r\nGlobal Girişimcilik Haftası (GGH) kapsamında, TOBB Ankara Genç Girişimciler Kurulu koordinatörlüğünde 17 Kasım 2021 Çarşamba günü 10:00-16:00 saatleri arasında Ankara Ticaret Odası Meclis Salonunda düzenlenecek “Ankara Girişimcilik Zirvesi 2021” Etkinliğine davetlisiniz.\r\n\r\nEtkinlik Programı\r\n\r\n10:00-10:30 Açılış Konuşmaları\r\n\r\nHakan Tarhan - Data Mind Kurucu Ortağı - TOBB Ankara Genç Girişimciler Kurulu İcra Komite Başkanı\r\nSezai Hazır - TOBB Genç Girişimciler Kurulu Başkan Yardımcısı - Habitat Derneği Yönetim Kurulu Başkanı\r\nGürsel Baran - Ankara Ticaret Odası Yönetim Kurulu Başkanı\r\n10:30 - 11.00 YARATICI ENDÜSTRİLER VE YENİ MEDYA\r\n\r\nModeratör: Adil Oran - ODTÜ İletişim Fakültesi Öğretim Görevlisi\r\n\r\nCansu Ataman - British Council Yaratıcı Ekonomi Program Müdürü\r\nTürkü Oktay - Onedio Kurucu Ortağı\r\nTuncay Dakdevir - Artiox Kurucu Ortağı\r\n11:00 - 11:45 LOCAL TO GLOBAL - ANKARA\'DAN BÜYÜME HİKAYELERİ\r\n\r\nModeratör: Ece İdil Kasap - ANDAR CEO Ofis Koordinatörü\r\n\r\nFerit Ozan AKGÜL - Mall IQ Kurucu Ortak & CTO\r\nPırıl Kavlak - Thundra Dijital Pazarlama Yöneticisi\r\nVolkan Ertürk - Picus Security Kurucu Ortağı\r\n11:45 - 12:30 DÖNGÜSEL EKONOMİ VE YEŞİL TEKNOLOJİLER\r\n\r\nModeratör: Alev Ertem - Endeavor İletişim ve Pazarlama Direktörü\r\n\r\nKerem Erikçi - İklim.co & Biftek.co Kurucu Ortağı\r\nMerve Arıkan - Plastic Move Kurucu Ortağı\r\nMert Barutçu - Evreka Kurucu Ortağı\r\n12:30 - 13:30 ÖĞLE YEMEĞİ\r\n\r\n13:30 - 14:15 ANKARA\'DA GİRİŞİMCİLİK EKOSİSTEMİ VE KAMU FİNANSMAN DESTEĞİ\r\n\r\nModeratör: Ozan Acar - Trendyol İcra Kurulu Üyesi & GEN Türkiye Yönetim Kurulu Üyesi\r\n\r\nBaşak Özcan - ODTÜ Teknokent Programlar Yönetici\r\nDr. Cahit Çelik - Ankara Kalkınma Ajansı Genel Sekreteri\r\nEvren Bükülmez - TTGV HİT Program Yöneticisi\r\nElif Koşok - TÜBİTAK TEYDEB Girişim Sermayesi Destekleme Grup Koordinatörü\r\nKamil Akpınar - KOSGEB Teknoloji, Yenilik ve Yerlileştirme Dairesi Başkanlığı KOBİ Uzmanı\r\n14: 15 - 15:00 GİRİŞİMCİLİK FİNANSMANI VE YATIRIM ORTAMI\r\n\r\nModeratör: N.Barış Okur - Viveka Kurucu Ortağı\r\n\r\nAltan Küçükçınar - Diffusion Capital Partners Ortağı\r\nAslı Kurul Türkmen - Endeavor Türkiye Genel Sekreteri\r\nAyşe İnal - Revel Games Kurucu Ortakğı - Q Angels Başkanı\r\nTunya Irkad - 500 Istanbul Yatırım Analisti\r\n15:00 - 15:45 ÖZEL SEKTÖR- START UP İŞBİRLİĞİ MODELLERİ\r\n\r\nModeratör: İlter Haliloğlu - Viveka COO\r\n\r\nAykut Hocaoğlu - Arçelik Garage Startup Program Koordinatörü\r\nBurak Elibol - Enerjisa Teknoloji Geliştirme Takım Lideri\r\nKerem Özsü - Eventgates Kurucu Ortağı\r\nVolkan Özdemir - Brisa Bridegestone Sabancı, Girişimcilik Müdürü\r\n15:45 - 16:30 GELENEKSEL TİCARETTEN YENİ NESİL GİRİŞİMCİLİĞE GEÇİŞ\r\n\r\nModeratör: Dilek Şen Güven - Prosis Danışmanlık Kurucu Ortağı, ASİAD Başkan Yardımcısı\r\n\r\nMehmet Özbey - Swordsec Melek Yatırımcısı\r\nMehmet Toprak - Stratejik ve İnovatif Yatırımlar Derneği Yönetim Kurulu Başkanı\r\nSelim Gökşin - Ecanta.com.tr Kurucu Ortağı', '2021-11-17', '606e489f314a05b8a6bbbf7440f8c6bf.jpg', 72, 2),
(97, 'The New Karaoke in Ankara Old Town Pub', 'Her Cuma ve Cumartesi, The New Karaoke Ankara\'da! Now you can #singyourheartout every Friday & Saturday in Ankara!\r\nAbout this event\r\nŞehre The New Karaoke\'yi Getirdik!\r\n\r\nHer Cuma & Cumartesi Yeni Konseptimizle Sizlerleyiz!\r\n\r\n8000\'den Fazla Şarkı ve Ödüllerle Yeni Eğlenceniz!\r\n\r\nRezervasyon ve Daha Fazla Bilgi için : (0312) 426 30 75\r\n\r\nSong List:\r\n\r\nhttp://theoldtown.karaoke.ist/\r\n\r\nEnglish: We Brought the New Karaoke to the Town!\r\n\r\nWe are with you with our new concept every Friday & Saturday!\r\n\r\nYour New Entertainment with 8000+ Songs and Awards!\r\n\r\nFor Reservation and More Information: (0312) 426 30 75\r\n\r\nAdres/Location : Barbaros Mah., Tunalı Hilmi Cd. No:89 D:69, Çankaya/Ankara', '2021-12-24', '6dd1801f9b591d77c0fdda845ab1a413.jpg', 2, 2),
(98, 'Ankara Interlanguage Club - Mery Christmas', 'Dear Interlanguage Family, we have received messages from many of you that you miss us. We miss you too.???? We\'re sorry we haven\'t been able to hold events for a while.\r\n\r\nBut now we have good news for you. ❄️We will come together with a nice organization this Wednesday. We need support on this. You can support us to keep the Christmas spirit alive.???? How Does? You can join event, share with your friends, you can bring small gifts for the attendees, you can bring some small snacks for the day, you can donate decorations to us.????\r\n\r\nPlease message us, make a reservation and learn the details. +905445408827 ????A limited number of people will be able to attend the event, as the venue is a boutique place reserved exclusively for us.\r\n\r\nThank you very much for supporting us.✌????We are grateful for a healthy brand new year for all of us.????\r\n\r\n#christmas #christmastree #christmasdecor #xmas #love #merrychristmas #christmastime #handmade #winter #santa #christmasgifts #christmasiscoming #christmasdecorations #christmaslights #santaclaus #natale #gift #instagood #art #holidays #snow #holiday #family #gifts #noel #photography #navidad #homedecor #christmascountdown', '2021-11-22', 'ce315ca09abd5ee6f2410aff847c93a4.jpg', 2, 2);

-- --------------------------------------------------------

--
-- Tablo için tablo yapısı `eventusers`
--

CREATE TABLE `eventusers` (
  `Id` int(11) NOT NULL,
  `eventId_FK` int(11) NOT NULL,
  `userId_FK` int(11) NOT NULL
) ENGINE=InnoDB DEFAULT CHARSET=utf8mb4;

-- --------------------------------------------------------

--
-- Tablo için tablo yapısı `groups`
--

CREATE TABLE `groups` (
  `groupId` int(11) NOT NULL,
  `groupTitle` varchar(20) CHARACTER SET latin5 NOT NULL,
  `groupContent` text CHARACTER SET latin5 NOT NULL,
  `groupImg` blob NOT NULL,
  `creatorId` int(11) NOT NULL,
  `groupDate` date NOT NULL
) ENGINE=InnoDB DEFAULT CHARSET=utf8mb4;

-- --------------------------------------------------------

--
-- Tablo için tablo yapısı `groupusers`
--

CREATE TABLE `groupusers` (
  `Id` int(11) NOT NULL,
  `groupId_FK` int(11) NOT NULL,
  `userId_FK` int(11) NOT NULL
) ENGINE=InnoDB DEFAULT CHARSET=utf8mb4;

-- --------------------------------------------------------

--
-- Tablo için tablo yapısı `location`
--

CREATE TABLE `location` (
  `locationId` int(11) NOT NULL,
  `location` varchar(20) NOT NULL
) ENGINE=InnoDB DEFAULT CHARSET=utf8mb4;

--
-- Tablo döküm verisi `location`
--

INSERT INTO `location` (`locationId`, `location`) VALUES
(1, 'Çevrimiçi'),
(2, 'Ankara'),
(3, 'Istanbul'),
(4, 'İzmir'),
(5, 'Antalya'),
(6, 'Eskişehir');

-- --------------------------------------------------------

--
-- Tablo için tablo yapısı `userbio`
--

CREATE TABLE `userbio` (
  `Id` int(11) NOT NULL,
  `userId_FK` int(11) NOT NULL,
  `userBio` varchar(255) CHARACTER SET latin5 NOT NULL
) ENGINE=InnoDB DEFAULT CHARSET=utf8mb4;

-- --------------------------------------------------------

--
-- Tablo için tablo yapısı `users`
--

CREATE TABLE `users` (
  `userId` int(11) NOT NULL,
  `userName` varchar(20) CHARACTER SET latin5 NOT NULL,
  `userSurname` varchar(20) CHARACTER SET latin5 NOT NULL,
  `userMail` varchar(64) CHARACTER SET utf8 COLLATE utf8_unicode_ci NOT NULL,
  `birthDate` date DEFAULT NULL,
  `userPasswd` varchar(16) CHARACTER SET utf8 COLLATE utf8_unicode_ci NOT NULL,
  `userNickname` varchar(16) CHARACTER SET utf8 COLLATE utf8_unicode_ci NOT NULL,
  `regDate` date DEFAULT NULL,
  `dataPrivacy` tinyint(1) DEFAULT NULL,
  `userImg` blob DEFAULT NULL,
  `userAuth` int(11) NOT NULL
) ENGINE=InnoDB DEFAULT CHARSET=utf8mb4;

--
-- Tablo döküm verisi `users`
--

INSERT INTO `users` (`userId`, `userName`, `userSurname`, `userMail`, `birthDate`, `userPasswd`, `userNickname`, `regDate`, `dataPrivacy`, `userImg`, `userAuth`) VALUES
(2, 'Levent', 'Keleş', 'levent@webtakibi.com', '2001-06-16', 'leventkeles', 'levent', '2021-11-21', NULL, 0x89504e470d0a1a0a0000000d49484452000000cc000000cc0802000000b040dba50000001974455874536f6674776172650041646f626520496d616765526561647971c9653c0000034369545874584d4c3a636f6d2e61646f62652e786d7000000000003c3f787061636b657420626567696e3d22efbbbf222069643d2257354d304d7043656869487a7265537a4e54637a6b633964223f3e203c783a786d706d65746120786d6c6e733a783d2261646f62653a6e733a6d6574612f2220783a786d70746b3d2241646f626520584d5020436f726520352e362d633134352037392e3136333439392c20323031382f30382f31332d31363a34303a32322020202020202020223e203c7264663a52444620786d6c6e733a7264663d22687474703a2f2f7777772e77332e6f72672f313939392f30322f32322d7264662d73796e7461782d6e7323223e203c7264663a4465736372697074696f6e207264663a61626f75743d222220786d6c6e733a786d704d4d3d22687474703a2f2f6e732e61646f62652e636f6d2f7861702f312e302f6d6d2f2220786d6c6e733a73745265663d22687474703a2f2f6e732e61646f62652e636f6d2f7861702f312e302f73547970652f5265736f75726365526566232220786d6c6e733a786d703d22687474703a2f2f6e732e61646f62652e636f6d2f7861702f312e302f2220786d704d4d3a446f63756d656e7449443d22786d702e6469643a36464634314637353646453831314543423332313846313238344342303530302220786d704d4d3a496e7374616e636549443d22786d702e6969643a36464634314637343646453831314543423332313846313238344342303530302220786d703a43726561746f72546f6f6c3d226c6176656e6465722d75736572203920504b51312e3138303930342e303031205631312e302e362e302e5046474d49584d2072656c656173652d6b657973223e203c786d704d4d3a4465726976656446726f6d2073745265663a696e7374616e636549443d22786d702e6969643a3041303730353438364645383131454338464441383934303839383131394641222073745265663a646f63756d656e7449443d22786d702e6469643a3041303730353439364645383131454338464441383934303839383131394641222f3e203c2f7264663a4465736372697074696f6e3e203c2f7264663a5244463e203c2f783a786d706d6574613e203c3f787061636b657420656e643d2272223f3ee43cec8d0000f6cb4944415478da54bd57901c69762e96bebc6d6fd1f0decc0083f166fd92bbf497461479292ac4173d30188ad083428f8a50845e7443d2bd8c202fdd8aa259c7e5fa9d9d9dd9b13b0698811bb83640dbaa2eefd357a6be73feac02b60703745757a5f9ff63bef31d93f2fff427ff8b24878a22d37fb214f881244ba124e9862e49f8560ef01586f89582374932bd6788f72b217e5095907e2df1978c3faaacd0778a2285f44efa4696c33094e83f4955e93cf8460a434555f0a31ed3f1f77038f4dc6118843886ae69464cf73cdff786744e5589c575c3d01ddbf5bc211d9cae932e04d7e0b96e301cea31231e371209c3341dbc41d3d5f9f9e289338bb97ca65169dcbcb66bd94343d70e1e9fc72976376b9aae4d4c662f5c3e9c9bc8e24a76d6f6efdf2a67728973cf1d49669243dfdb59addeb956f67dba6e59dc1b9d0edf86f32bc5e34f2cdff9e861a3d2c58f47cf2d1c3ab38c37f89effc9dbf71afb6d5cdcb9178e4cce147ff193eb56df5555f9d2674f15a6f3788f35b0afbc76dbb6bd4c2efeecaf5c68943bd7df5dc5e2e0aa660f14cf3e7b74fb7e65fdc68e244ec927956809e4585c3bffd2d1442a81b5c65daf5ddfc4261cb97048bc6de807b73f5aeb7506baa15efedcd9edfbe5edb57dcbb470ed2b27e78f9e3bb8b751d9bc5b92f9b0b41712df8b1c1a31f5f433471559c56a27d3893b1fdec741f0e28597ce35cbf57b5757c360387778fef0b923bbf7b6964eae6c5c5b5dbfb93184880c211181d8735c642c6e3cf7eb2f59edde9537ae0e210da134b5347df9734fdf7aefe3ed87256c9f86738a4dc34792b1d8d39f7f425295d24e79737dd71f0686aa9d7ce2583a9bae576a9b0f777dd7c781970ecca432a956b3d368b43c12bf502c09ae1f676061555459c65e427a7010080a7e0d69c03d0e259fa443a5730e8781647b1ec9e2685d2519373ca4a59423619264c7f67c77a8f057188e973ffa4688aceb402a839128c8b56a77f0de7a3c11c3ae781e1d0d02bcb55651351547c0ae745be6adf7d772b92416bddd7220be9d9675ebbdf5542aee7a7ebb65d33ad2914959f02fdd40483ad428773f69dfb72d97d6579277d76b56cfc6edf4bb56a7d117d2ffe0d3d2f6bd8a6379d03828e8eab5cd89b9bca669cd6ac7753d5c8c63fb6bd7b77a6d4be2c3e346cdaebdb75eadedb57e49c2467286bbe8b70789541c3f9a3d13c21a8ba9c1d053541882b0dbe83916691784b5db1a98035be63da1359448c31dd395a4c70f2b47368136258c670c23610cbd216e19bfd43468bf32647d26abc13bb1706c998f1f84d15e8bffc566487adc4865d266bb277ec61933852c7622088548cb9a38278e843b397464e94bbfffd56ebb9dcd67bff67ffde3dd9babb38b73bff767ff01db8e737fef5f7ef0d19b5726a68b7ffce77f08d301a1f9c1377e72e5ddebb8a630643bc65ff84795e45fff832fad1c5beaf7ccf7dfbc72fbda2a2efc852f5c5e39badcedf46e7e7c6f67b30c1377e689e3cb87163ccfbb75fd7ea554c765e11e960fccfbbe5fa93415bebda503733373c541df2cefd6ba3d68275d35dd070b269d8ccf8b2d94a4d10284522c66a47219fc161f0c49719578220e99f31d1f028563388e5f6f5aad0e245c11561692dda85bf51aed10e929ad109be290e56bf43f4419f21469854ce2b2b7d98c2c842cacac34e8d8fc63b4a1eda6d9699a322b212b0e6dedf66a95244c9143528dd01a78abd7771e571ff1bdb8415cdfee7ab55de94169073d0bdb31f4d587b77634438306765a269410d716f8e1ed0fd6216a586ddc1394bcdb30f10a3ea23c5263696c8170dc66b9e5dbbeebba9d7a0f0a80eb715d7ff59335b33310ceaadbecb6ab4d389d41bb572f37846a4517c95b2124677fab54dbad60d5e8779ae2da6eb7d9e9b47a24ed41a8895d82ed1b866122990803ffd56ffce8577fff2b4b8796d66eafe7267238cc6b5ffff14b5f79e5c0e1a56bbfb85628e69399f48fbff1c3e7bff8c2d15387af7ff8691046966c24e352369f3afbf4c93b37ee1c3a76e8a9979f58bdbd9188275ef8f2d383ce00925798ce7dfd6f7f9088c73ef36bcf67f259bc1faf7ce79f5e1dfaa1aaaa5ffaed573cdffe97bffe3e0c1f64e58bbff542717a02efd9dad8feee3fbde63ac3d1028df64326117ff9cb4f61817efec30ff905f9f9cf5f5c3eb2042bbab5b673e5dddb58afa75f3937353b011bb0717f7be3ce2eec54100c95807659ac1a1c7f3c153b787c6e77b30e3bc7ce00bf0aa31565b306754a2463c974acdde809ad8e258d998522bec72bbdae89058528e726523096bd56df25c34fd6566ccd48f3e94b400f3a034b2fbfa28cdc192b91103071b39066cbf79d41485b461be9b941bddaa71fe00da4501c6ac8df2be445847d54208230ba025bb0d28c64439c3c902a3bcdca4e23a42d0c58414801eae5a62cb438906041ef7c70076be5da1e449c2e776cc2a2d3289eed7df2f3abc20d8bf5dfdf2c971fee894b05eed10466c20f308cad46bbdfedf7dabdbd877b70b43a146560da30c0dddefe7609e63a1e8f798e63d38bd6eefa4e269f8e131272d96b8542ced8d1499ee3e220a11f2e1c9c4fa7e3aa0a6996efddbc9b2f16160e2d6432094dd3650670f89a9a2d66b38956cb0482c1715269981da3df7793292357ccecacafe9467c666102a8cbb1d924b0bdc23f381774031b3677605a2334a70ebd20954a2d1f59e877da89747ae5f8e2ad8f5713c9f8f29179b8ee443aa7c556b656cbaeedb335c235b3f2290a6ce1c45cf6c885a550913a57b7682d6957027295024ff0bf73070b47cf1df8f8e7776bfb6d7c7ae5d4ecf2d139dc826d3a57deb8630f9c934fad4ccd17f04aadd4faf4fd75df1fe2b3e79e3bdaa90f36ef958593014c39fee40a5c6d8b801dab6531b570686af3ee3e8ef098b991c6da3bb3542ccee4e13d9a951e905fc05a1286c22145928383289a62f71d9c549202e0dde98509bca1df316d42aba3e38d3e0299340c25998265096de0d680e40c1b1a0686ddb77d283da3b764066f0806d2c0b6dd8021d7f8ba8402423d009ae17f86e27a20b0c190413ca90b3ea28d3496ae137808a6e5fce573b3cb73cd668720a904fd4e9eb870b23055f43c3716d37100236e1c3ebe92c9a692391232cbf284131b49368108290827a78ba1ef939f4a1a8e055570a1e5801490dd4442974275ecd4539964be90eab44de862bdd2985b9e4434a06a0a4c916ddaad7a1b328173b1cd5584512103268b1b25c852d9ad4fce15240e50705b8ee33cbcbf35313339353f19729081cf6cafefc0280af489fd51587d0336202a5b7511c2e0bcacc3012c81aa696c4c70e0211400faa5a874a789940e3fa7686a612a8bfdebf70640fa460c9f9426e7f2831e69027e0577e6b97e2ca54f2f16555ddbbcbfcf571ba60bc9c9f9bc35709bd52edbd0606a2137b35c6cd707fb8f09d948c0c258c2583a3e2b20413a9feab607f6c01e49982ce4253b993cfbecf1c0c71206b73f5cef3483f94353cbc7e6f15bc772ef5e7d4872f69805c2172ef8f813079359c43ac3ca66757fab9a9fca1e38b58cbb357bd6e6a70f7aadded2f1a5f9c30b589966a9be7a6d155191d013e16df15f2a9f3a7df9b4a6ebed4a73736dd332edfc546e6e79deb59d6aa9d2ebf4808b34b6a5f419ec6ba3dadcbaf7f0e22bcfe23446ccc0ba34eaadda5ef9ccd34fe09aeae57d4849bf3fa8976be79e7b0aaf0cba6db80f608270a42484fa2519a0016efe89672f42e1f4980a346d9b048a4f9c3fe5395e2a958469e975e05ca2b8144608a68b8353b930994fa5930806c3c02103631893b3d3aee3c78075b1cac2878c2205798441d319042d0601fc212d80a6aac9740a87152891f52f0470c16a12d4e0f346ce360c3495c02e96cfb16cb6c4583b603707be1b82e4909b08704940369ee784d222ded36975702c58671cd91c58cd4abb3091234c2391ffaaeed5a187c5a902fc0b419161005571a25881c1095d4008f98bb61ba7e4602d1c06233b2d004f047de2495869cd316d18a7b18563efc7710f2948982da6879efff0eeced1f307b19508b121ee3835e9763226222d2982b42c1d61989fcc40c2e073109ea773291d1f5998406ce45a76a69881e6e31e670fce429714499d5a9adab9bf83a03542de0424c8bfae9c5a995898c18fb9e962a7d51a56fcd34f9fcd14289a2ecc143e7efb4a3a97d1c4750a6f67baeebffccdb767e62775436fb7bad82ad372bef577df593cb8082168d65b001980cc3ffafa8f8e9e398275acedd7e1aa354d61cb158c912aa2f4b77ff2de93cf3f01bf50ab5411afd9b67df5dd8f9f7ae9522a9bac94ca00fb8809566fad9e7dea34166ed06dd9bcc1d0c3f2ee7e2aa311560a0187edeadefed2e11512e87e879421d2dc5044e122fec31a633bb1ac0ae31ed771a14fc7ce1de7f0de85a1c2eae3b20e9d3c881534fb662caee115591aaa0a021a321000cab87c6836cb5dd0ac95cae5d25eb95c6b367b3d409fe0ccc913a9741a0b32b59a3f78e260bbd1c225c01debba863b82ee011ae3b088be710a6c0f6c8f085c7017b830231ec31d8ce1bc41f4903c644f1ac52e8c6610e40aa1e1f0301cfd8e8c2b5e35bb26f6de737cc65ee22d234c47f1bcd2ae777bad01fe86f8e25e705e7cc4715c5c12458bb4367c58a19c8a6cc4752c5da7d6995c9c427c8ab31871cdb39d4ead3db9348365c45dc018f79b2d3d1e8702e0150130a551906724f4ec440e32d16db68a73b31457167390b0e67e2591c940d6f15e2164745e85148888aa76bb870010f7cc5e83c04a75bf512d37c82a70648437ef6c5577b62a507f591ec595447fa9146b089995e59b9facaedfdf02b083a7c61fecc147efdc58fdf4412a93803cf5fb3684f2edd73eba7f6b35974b62215a0d843338b8f2d6ab1f5efff08e6979c088f8e0ebdfffc591135b50b24ab969f6ed2898644a81bd3ebd00d7faee4faf660b29ac3e6ecbb3bc0f7ef6f1e9278f024456f6aad6c0944df9c1ed8d858373ae15342b0d43972d79d8aa377572a321f60056309e4cb6aac1faa7ebfbdbfbcd56ebc6ddd5edbd5dd8f24236ababeac3ed6dc388413457571f7cf0f655d9f3f3131347e3c7a0d9802c5a3ae1c3def910e5d0f7fce98549e1a46099810d707c16389209528d50027624bfacaac2f8e36fa08e47304c8435a3609d848cdf9999c8621700f959b11e1169d87648108e00719f9c2f668b19584a7c04e735e2b216d3a4880e9247e22bd8c61042269304d3c12197b47d50bb61a0ea2a8c3fa4594f1038c08d40c8883ab1ecf0b1204f1046d859b3dbc3c7871e820cc748c4a0afcd4a7d2e99ec777a30b1b1444c8bc217c22992c2fc2a4c33095c40ac2c4e02fc9fcda7a17c838135e89b42a2d8e6ca08a5230e56511013e053f086ecafe8661009222212a417538e52b3de6b3507c24be1568752b8b3ddd893db6ccc4574ac786e58af7455666bf0c656a37ff5bd553296a120ade4f011248eee14ff351bbd76b34f8ac1ebb7bd51aeecd48020e12cb094c974f293b76fdeb9725fa0ae542e1d04be39e8b7ea0d00cd5ebf3724901b265249f97bcafcd2fce6d65eb5de100e0bf00ef766037876ba86aa0e834ea7d74da553834f6f6defed84aa7ff289e3306066cf86f26011b6ee231eca000055f79abe4d04953d086efd626dd0b747e49fd4aef5b657f76175a0ebc28336ca5d606573608fb986114b42bfb7068eef7a9aa1138a6f9b3e9158e1988b103c42af6d42c2160ecd02e6f36dc2298706cbaed5b319c47218c34c0ce9a72c7834b9305b24933f0c84d98ca5e2b15422f08927896b8461d81b4afd66975c46183e1692905042ee13b96cba1892371906b848dce3ccd2422a9ba9ef9529ca212163e344143c2b0ed6ebf9972e4d2fcf7de71fbf87cf077e70f1a5275efaea4b508c5ab9f26f5ffb5eb3dec6d14f9c3a72eee9d33ffaf66b661f30253c7a64f995afbe04d9dbdbda7be7b58ffa3d6b6161e699572e219adedb2e5fbf720781c9f4f4c4b9a74ee1b3fb7b95fb771eb882e2a7e86ea870c08c5364d2a9c5e519c450ed66b7d5eae366b06d85892c4c08d0aee5b87264ef232c26be6027521422058eed089da5d482a2e2e281d60bf9346cfec2811998557c7cf3fe4e79a70485d9afece7f1152fca55d5c6d5608564a552abdfb8bfe6029fb94edc887700e92d05964c5354d775f2e9b4e7fb56d7aeb41bb8760f9f50e59b576f6672598437808fd95c365483c1c0211db35d0eb3700d1ae2413f186d8f2cdba68f40929861454467727dbf572b77e9dae11903a63c46ac1f0e65f5ddb54fb663491d00b1dfb5c73996311f01d8d42875061d9b7869d7837821862b3fa8a5b2f01b5ea7d11b52bc39e2e0e81fe25d1b958ea04aa012dd560f0bd8283553b9146ebed3e800e4843dc0cd3ad0b035b0f61e9438b27c3cb624d6b0b1df9859d4b1788d52c5713c1dfed9b2d3851cfe6e435464b903dcc5b6211c278d808bf2c5eca11307e16b10aa40de0f9f3e34f4dc8777b64e5e3a77e0f042a7d583902faccc9f78f2cc8dab37d7eeee60654e3e797c6679aedb6c3ef1fca5d26ee9c687ab672e9d3cfec40960e9a3e78ec301dffa64fdfce593175fba28312960fffdb7eededa5614116012f9a9b2e77de2d953975fbec82145effbfffcea7ea9f5e4b3679e7cfe1ceebf52aafcf85b6f763b963cb2bc8266c26a9e387be8b35f791e9ab7b5b6fde11bd7c8692aea0b5f7e5a0afd4fdfbf311cba5393f9275eb918d1d331e3d56fbdbab1b1353d8be0737267670f48e8ec13e78074eedddb68b4bbf5762766e8d868d3a130dee5644302285553f11eacb80fafe01223d06cb7ae5fbf9588c556560e140a39d334036ff8e4b3973efb6b9fc1a28a20c3856967f95289b2263f075d4f23a01b069e3bc45e43d3e8f8e938de060f45ef9009e10a722dba4d49eeb4e1e94d8209a114115eb2340aaf4922999923c801d320de532b776a25a208c2c8f1860c6f8427200b3ae8dafd4e99a9b980d552aeedd62bdb55423830ed90d49e75efa3fb587ca03141508ce353f137c2ac0737d7b7ef6cfae42da1543202d24fdeb802dd839039b60dd9a86d5594485b22188d404fdfded8f55c177aaf12ad270d3a3d38d7b51bf75cdb8649500d204aad5ea9231c4390c8111cf0f51091e695377fe17b1e56d06020625bfd2b6fbe07b5cb17330070b164dc73cd4fde7e1f2b323993e31c51f888da668b34353be97bf6ceda3a8cedd44c0e3e73f1e0cc7068d7f74bf3071626a6b22278961ff1b1b4442bc797144382fb3b7bf9642a97c49de70aa99593cb2ba70e26926aafd3ea77bbb8780abf25a9385bd4347215837ebfb25f6eb75b995cbab25fbbfec99dd5d57538780853229680e9b26c8b779ab2649014e89b87dbf33d4d383958321747754cd3dad9db4398108fc560d2548d28bde9f9c9b9a5a9e1d053352996d42ebc787c6a2e0bc1833b5f3a3c79eeb9c3e79f3f72e6e98393733998ff99e5c299cb2bf8b374745a15bbad1029375a198200088fe65626e07ad854477f24e60518e500c56b85e96c3a97a4040cbb3598b189d91ca24e205a7974cc113c53a27f05e6533401af55438fa7a050801d51fe0df618b15d20726cccf2085511b0113fe2b716948e28343a2dec284c57bbd686f1638a88948de03c076b32e7a749ee11fccf2ecc4e4e4fec6cec8a602d9327ca87d84e6216e8549c82e0ebe60c0cc278dc67b70560e1f31d86567f00085c2b357cd711e6dd1cc03438bb9b7b679eb681cf282f1e44f49a24086a59c21b06bdde83bb1bf3070f88bc9e63bbbd56e7feb5d589d959cec308ac1fc1627c03f16dd69a57de69d83dab3099e7df86718a9b02caa02ae1837b6bd30b53ba61e043f089dbebbbcd76a752a598d788c72ddb6b76fbb810c4d1eed0edf4dbb83dac193453a3ec1bae1d82e7c26302c7e36fe833531e1a161fb769da088a43bfd3194066cdc1a5a72ee68af9fb9f6e1d3f73607a71eaceb5bbad5af3d8d9a385a9acd9e9ef6f576286529cc990f7a51284443a9b1874cdc5c3937a4cc59fc5c313ad6a1fa04a9419903d132cbc1416a633074fcdcbf72ae5ad26a96720d8aa4769a8436716f35359ec457dafb57a7d33918a1d39b78400133bbdf7a0562bb525c16030eb27201a60d4e44211c8b5bc59231368a8074f2e01c6c17b96364a95dd2a704b6e2ab7787871f593fb839e095f31b73277e0f83290776da7bab7b907377de2c993e97c0677b7796fb3d3e942630f9d3c0c7daeed566a95ba20f334e1fc45e043f72307ad7aabd36a8774874a380c771eec5cfacc339ffb9d2f23e0846833b51472a25795b8a40257de69775399dcd39f7bc188275455875bb14c3b9dcd9f7be609bc62c462d85d086b3a5b387afa84013b4189ea118a8fd8a008d0a73299a9b9191516d5d004eb174b261106ab24e35a145c466913e2fc719c54265d9ccc94364b780347734a2e9f82840dbadd9d873b93b39349207aa2c7fcd7bffbf62f5effe0832b1f0d060397f8af7028b28c0a71579486239e0baf59585f910561669df20a4060006408837c82596a4c376c4a1bf9008a924fcb2105c31bd7ae97f76a2777cec0c84d4ce792e95879dbc2dfec22102c7b9243142eb315beae6b502a122f43834232d9a15356c344a846b9c85021a04c109df8585d04a491199583b1170c88d45460b12adb8d542ec1797489a8605db5074e3c1523a70470aaf05b45f58414e57e27e70a385c75b7891ff091783aeeda0ee2e5dc44a6ba57c37be60fcf4d2d4defdcdf1ef42d78a743670fe1b27393f9542659da2a4d2d4c2f1e5d867dcf4f15fadd7eb7d33d7ce6c8dcca02ce32b538f5de0fde71a82a42d2c62e3b4a2e69ead6c3ddfffa7ffc3d8252ba434db97b73ddfdebaf4341cdbeb9bb55a2b84755f7b6f7bffe5fbf59dd6f30c5a3dcb9b9969b7abf385928bdf7f1c6da0e02d4bbb7d6e70f2ee627f21bf71eec6c567093776eae1e3a7168f1c84a6967afb45b971f51360267203a0977b74bc7cf1f3bf5d40501873d7f582fd70e1c597ef2e5cb14c3aa8a083047494bc1fc20b0ea5f7afefcd2c14508622281dd870453fc75efe3bbb178bcd769bef9937702237de4f4917ab54d0848d13c000e82fa880d8403209e0f7e107fc3577abe8b0b12c481a14344e00b107b7894db765dc819e014572ac1b0790846745df7fc6060d97b7be552a9d26d776e5fbb99cfa74f9e3d323155b00682210b71f9464c1317afb1a84174c842f8547f108a440f6bbb1a8ab4197b42e5516613d70a334a82423a132d85cc541c42ce4ea30fbf47989eaa8328aeecd47bb184815f29cc59850a1f5e14cb28c296050e55a9d0ef0dfe48bbd29a5c9c722d975ec445ca32d0966339441569448b3cbcbd5e989d506566550a6928e5ceead6caa9c39eeb19f15876228708c0b6edc26441644b71179a20a055551997120c43a9ddeae18044c0f39bee5cbb4ff6152fe8baf05680c377aeadc2878a8a31db725ffbee5b74238aa4519a528103f9d6d7be6fc40c8e7bc956d4ab9d7ffccb6f2652091f1a4ddca02205a354ed8877b97be38167d91393d9417fb0bb55c3365ffff0ae6359d95c12516db5dc246e5e70e251511970aebab9ba7d73220d2c58df6fb49b6d4d93aae5c6f7fefe5b776ede2b97f61f6ced428bb33373e59dea27ef7ffce9ed3bd97ca6da6c0c438e96f8d49021728c5c7d6486961629be4c16852902bc85527b88334242c089581cbf5284bce2767c1fa24dc969c94b2512db5b0f3399f483356ffddedd175f79f6c091050e65fafd5e4f8b01ffa8619496a12a342ab7d2d531f54f221f50b914330d9212310d523c69f0ef1fab7752467096844c8330e5a7d285a95cb73e10c6826ab7b2090642044e047e254b42b4281d196f8173840431a946490292fe980ee9828911856ef8209c23a02717be105831bb2605798d2e168c52965cd287850408e364a0daa9b76299041c28365a98124422210c20e77119e606e2f4119125aa140cc38071826850ce1f5e92b98780eb5e140db091d352f0297ec054a3cc5e1477a59a039bec3b49308eaf98a63b305d3a3e636f491ae7f3c57ac1a104883a05532c80da60e05c7dff3e67abc44d8e0acd84f5e5ca086be0bcf7dac771a616c90c284a69b772f3c6cd56bb6bb94eb3d72be672573fbcdae9f5daed5eb3d3e9db8390b20b5c8e19556b12652e722e1e657a87baaa1932a53765866522aec2ebb8197c0e874d18f161949e5205384398190e5d386c5c56abd3c5d5f5cdde07ef5fc915d2b73ebc5eddaf0dba160ed2e9346796e6b084f06b76df9f989e82bd81b383bde9352d912017e45f24490c636cd3b3079e45b508a2e850190798446a0e65848a53f31340d98ee3434a865ec09626257109905837c6ef21d7a8926954a81c81764dacab3096c559aa79f1a962932c8e11d789658662b109c2c69d7ae65c2a9b6e961b44aa02d424e22ba78e909cf801561eb2347f781926adbabd07df2409b6fca5275ffebd3ff94d07506ebf1ed5c786d2effcd1af43789bb51691a2b2f29bffed573ef7ebaf9cba70acddea34aa4d81f79ffbcc537ee0f73b7de25e83f0f9cf5d7efeb3cfcc2fcf74dabd7edf120ee2d0b1031e425bdb93f9b027cf1d3d7eea50269beaf74c8f533da34a16de64a0395d5f589e9e9c2e689a623b9e28c0222155462125173c623b8163448401f49348c6b0918433c2c02002d65a5f5d6db45b4057966d9b30b38e5b6fb612c9240c4fb7df83aeb81e5d173ca6583b85d39d70883e6308384d4e340722e627eb42c598aa08f464bedf90dc1f179bf17b70043fa04ca50323cf52891f0111eb8dc6c3b5cdda6eb55187956db69acdf5dbf7d6aedf2e3dd8da5e7de85a5622999086d0fe7e75a7d52877430ee298dca1984a1d71b3f6c06f54fbaee38b7c9a3c56b648e1a45ecbead4cdc67e0f8196e73a14304a9ad9735bd50104749c3d1071e548b39441c7b6fb8ecc3227180ab36bd5f6ea9d46878c19174bd6776bb0526cef03dbb4a840687b7f7f673f60d40e0b4ab9f0ed727daf4664acaec27df53bbdddf56db367b28c49e419960e2ed41aedfbb7d644212576fbf0e94308c136ee6f02b2148b9953178fdfba72f3f0c9a34f3e7376736d4ba68238f5a52f3f1b7b2f56daa9e0e4b95cfa955f790ef6e3e9334f2931ed47df7c1d571dd3d5dffee3afbcfdb3f73f7af3da309481cd7ffb8f7f850382ccabdf7de38337af53618ffca8860ea79e9d9ffcad3ffe12640dd7fdce4fdefbf4da06646f66a1f8dce72fbdf5e3f79b8d1e167e7179fa852f3c05516b353a1ffefc13c8c3c281a9cffddacb588256b5f18b9fbebbf560a356abf7795d069030ac782c89bf6bf57a3a99117e96520386a1527c2b434fa9cc9bc8607d18babc767431ae4fa13bc186287d238b2513b96c8829e5d2c240b8304a7ec0f45375878c0001420611f47c33a6ebb54e076169369302ccc77fc9448218b84643ef012877f74ba5b3172fcd2eae705db120b2426252623a0bad24b29363465ed0a7e304ba3c4aa3fb6e803f10172346b920782a089c602a04a46384148e8b90c5315c0bf247974ae17fcfee3607c4d2900a0e054a6eecb7c8208db8e1bdf5f2cedaae70c770380821eb7b557a273c219bd7fbd7ee91ed64072a8c11a108c7f536ee6e84225a16a4bfe73db8b741f966a26c28990570babbb17dffc6dd44324eb5ff5434e7ed6d956231431da91450d4dbafbd77f7c6dd7426098820eec532cd7c3143270b02bc7918f83ffaf6ab955279723affa856531e07b8e1c4741e12b6bdba0a7bbb70605ae11286fc44767e657e72264fef18062bc796b213995eb7bb7c646976a1082031bb30c9d9407f6a61b286c0b952ef76bbbd5eb73fe81bf805d10d3676ae3f1894ab65d785369a646f8641441729e3fa73c90024d10df8732efd831002effb42090893b1611d97133a2e653bf83d1eb703c8ded07787b43f8ee79274fb7ecf32078ebd5dabec371a84d625a58d6beb9b383fb08165d9fbe5f2476fbf9bca1b47cf2f27123ac7214132ab1f7b623e5b4c388ecb7445989f4a4ece66a2fce32f1703b179977393c9e24c2a913244c11822f8c9f9f4c46c269ed4c7d1951ed304f88ec42ca2144812a8bc41519299782c6950343ba6c44601169b5849781be1588803c38e7a54f2cfe02724d962864b88d33867a1e11d89546a48484bf44dd06a22284b0c45897608ac007d2f4ce429a39e4d1904ce1c1cc7b55d089cd81c2c27e01762904eb39b9dca0ba9715db7dd688b524aacafc85de00dfb7b552afc7fac9256349ae0d2e1d710f03dbcb3519c9e1625d6b8f65ea7eb139b2cf2bac475b56a8d7bd7efcf2dcf0b68d7ae353e7ef323c71c6c6eecddbd7d1f1e4a7867c899a66361759283a12fae6a482e5228d85004702a796a8d0946ce3d70690b3c1e793d02639237f4545a1f893de97054fa4fb1197c2e7c22833b0fbe5861590c02870ba087f2901238922f594e08eba6ca942ab75dbf675ad080c96211c0193a69c1bc5b563a9fc2b5128ad5e4a5a3d3894c2c9d4b54779b40dda96c62e14811f20d9f08e9e4eb1076350ad7d2f9f8f2b1493869acd7d6bd8666e8538bb9fc649aca21ddf8de7a07e6890f5b1c749cea5e8fdd0640a13eb594db7fd08066e048938b85742e4955be95d6facd07e4d334e5fce5d35b77b71afb4d2c4476227deef97394ea28d7ef5fbb4f8056534e5c3ad9a9b64b5b25a27f338953974f633561deb6ee6d0aeb4e85e05428566ba4b2590dab1d558e84888312e994b064aeeb61179ffbd2cbd800b3df8331732cb8832182e4583aa170bf80e7b831c3f8e2af7d3697cf76fa3d619cb10f85891cedae121507e78ab98bcf9e3f7068098e35aa737c54ed28d00f40a836bd381f4bb0c964615089fed20d44b24c26c26ee0078e9ee47802811929d3cac943fffe0ffffed31fbfde1ff4b8e7804bc9156960598c415412078fa089a1c73cd63e89b13384466627251470c8147574fd0c8988d4f61107906107045698e608f8ed4c97e2ec435153effbae3aeace829d82ff159d1c54e72dcbdd00f6ac964de28a15f8dbce6080cfc7289d2cc58cd8cf7ff87ab7d98bc5107a0706ee8a5c9e042c6bc434d70e1083600d7ccef6068f658922e01f4a306040fa959df6dc0a15e5c2d624d331ba19ce59098a084785592727a370b7811426d206703dddace4c7e306240c81247e4ca6135ce226a5b2f1e9a5d9ea7695d5325838b200c8dbaab7168f2eaddf5a0f5c2f57cc2e1d5bd1b5ddf27619866ce9d881e2dc4cbfd53ef2c4f1ca66090e30b2647a3cf6fa8fde41fc886514d9036ce1abdf7b2b954af2e969315ffdf6eba72f9ec409aae5eaa82644fdf98fdf4f6593c25722faf8d9777f7efed9f3a6696fac3e149c3c0ce0076f5d538908a42303ec5f7df7fae9274e40dacabb15f2d762890242ece41442a55e693a9679f2d2f9a83786ead460263d7c43c906862b082c32f9fc735f7816a75e5c99fde88d0f3badf8c4cc54a95adfa99466a7671cc78165189a1624937da52b50bce81609c9f618902be22008ef6b81c86347492e5a4fe2c9d84204117589b8d2135008a2fab80116649f785b188aa3901004642785f00582e2c639ba8301e43b6e6021752f943aa619f38002c3543229ddbf5f29eda532d9743a73e4c49113970e897321008941e4e25a1015bc849406d01e6f17603fa1ca083cb9a2dff3105d32796953200f17a2530e9adfc3a4c9508a2cb9445134ac3495d645256b8376df0090773ce2a299b6411465f62d26aa42236e941eee759a9d44222e32b35447248526570243ed13d954afd1444073f8ec71ae96e3f402702d654dbcc0b61c9d99370e9414f8352816b0275313f2ee4e6567ab2cd8146e75226fb1fdb0c4a54e8a48bd7e7a63edf68d35616044ff12d590bd7b9d290c952cb924bdfe83f7de7fe3aa4cd6d195223676d4a8c1beb9566d7de71f7f343b37895bdfdfad0abeb15aaa7feb6fbf4b9d5e8cbd376e6f6241a6e78b12555defd9b6dd6bb5fff5affef9936bd766676671699d6e27a0da562f2ecb0461611c4808043744a4b7cb3ecee0940b238f510210665226d8a09356507ba120d0a8f89a94c665ad23915224655c0441bb4525edb280535c78a33caaa28f8ac3b8ef0918060bed79b0faf824cc1ea059b3d74dc560b8a85266bfb49f2f146013cfed9d5ba246186214b190e96c11c6183fe02281958388dd1bb7b8855c096c4ccd67e34903bb8b2f988c18a7fd3c27ca19c26849237e510032f822514f85651524593c958090597d9bebf483442601c1f2590a19b1255cd32a4c1708414145550581a444f48acd8db46a3c1173a9c02e85d0813ec5d88eb84c8965500ea36e1a413ea5137120130b5082b00dc13d834b3d89940be87082d4e3d438d5825261aaca7ed3f5a8dd925a20612ae04110e550024aa31a35b2c0cd4657483ddf5e544a071b16c95ca894771bbd767f62323bb33c7df4dc11a67325684fbf3bc8e4d28ee3c37b7d7af55e4c97da8d3af64048f095f7ae964ae513478e42aa2004f164ca1bf4f119d1130003c6148ec1ada7228d44e02914b10ff3614c584822509719ce939d8756850ced8794a934645db8518f3ca032daac08a489125dc6dd51b1b1322ea7571451eb02f940c4e15926179e90da525df8307c502a2f0dc3897c5e338cca7eeda3d7aff84ec87a4ef4646bbf3b6899f56a2791cecaaa4e7e388cf8089120eab6ec38d0b2a1b7aa0372cf30bcb66f24080bb9962d5a1f88c4063e74fc71bd0ffcafd5e70d1d0561f1749ce9125bd43993000d6ce2ccd83501731f387118f751dad815612d57fc52d390209bf0fdc4e27c7161b6576b0af11241acfac2932fcdcf4d7ff5f7bfbc7ee781cf7abbb034fbdffdc51f3dfdca53cb871736d776603cf1ca1ffd8fbf8f57e69767cadbfb30cb78e54bbff599b3174f520943a926fa8e8ad3850347165b8d0ea5e74279666ef2d9572e1e3cba8c6de3de0a259b4f1d3ab152e47278df1b718022bae30262f105c102146ed67a8d6a0747831c7307a5d56d0f7c727d7e326934eb8d66a34185fc1af9bbb5b50d44b23aa7f05b4dead6855ef841603976c09d59ae4f984c8029416e111a132d96e19808886a67024263743964c81eebfe1231962042455424ac5710866307168ecc5b30aa8c2197cf9e5a603efc4dc69585dda3624989132bf2c01a443149104c4e4ebaa6d76d75e289b8633b804a7b9bfb588a6426434090ec0857e385c2160f1ddb6dd706cd6aafdf2699a04afc40b3fb6ea76ef5db962850706dbfd734cd9e332e78744ca7d71c44fe1dcbeaf883cea0ba536d565bec5501c1cdd2c332044038e54ea3dbac364b1b7be5ad7dc150b8b6d3dc6f741a6da1568e697996d32855773776a8a37854aa4494663c193f7df1f49b3f7d7f7faf823d5c3eb4048bf7ee8fdefdc27ff8fc9577aeafdf7eb0726c393f95bf7bfdced9cb17eede586b5e5b3d79fed8994b677088a3e78eed6e97f777aa889e8e9d3af4f2579effcbfffdefccbe8d8b7eeac50b179fbfd0ebf4ce5d3efdf7ffe95f7a1df3a52f3e7de6d22920f79dadd237fffe87e3229f51f78b2c72d25ffeed57faddde6bdf7bcf7508193cfdf293b9c9226cf2c7ef5ebf7df53eccee8103f3874f2eacdeb86f0e2c5849c775f385622295ad36aadd5e4fd134e07d3fb099e0d5985f0838f0276cceee02f8dd279a9c859c49dda8db591ab561b2978c1ac843b66aa2a75810b0a3e2fa702c7c9cc51e2556b906461957098e5ad098c11d1722cbfed09744c570287adc87a57ad509bc85e9993b77eedcba750b1f28e4f3274e9d2ee40a835e4f37e2d49982ed57443e2c5055657c3a0138388949aec31a38b6e506a35e4bfaadcd092b750c4e02eed90ca296d01e951f92067b2e7d399cf84080c448401453c08fd5f71b0ad7840ace1070ad56ae8b6002c7d8dbd8db59db61c3494bcfa8366017af698d4a637b635bf45e13e3d51dec3cdcbdf6c1cd23a70f110522c9e6c0dc79b0f3fa0fde9a9e9f0e78454cd38a0a7065399d4d8a844fb3415544f1640c4226e2fd4faf7f7affc6da177ef3f38974bcd733b3f9ccad6bb71ba5c685e7ce1335eff8822b0f45351b2f3d2e2857cca4b2b19801e919e223c599a9adb5f59985f9034717ee5f5f052c5475e5a9cf3e8d30f0de8d55d71beaba7ee9d94b1b1bbba5ca1ea0009787c81e4dd780a3d7a92a24184a8f24431621e188221967998350303dc20346f224044ddca9e094080968b2225a2294c8feaa6104cc475f9a2a7aa218f151c79d2f8d9a70f950a22a4bf8568a463d0fb81907ae369ad8f756b787007f7672b2d7e942bcce9f3f7ff2c2a9fcec9435085d87e04ad4e23aaa394b65f4543e065bd56f3bd8f84432be707802b1245ee9342c049ee4eb0d05ced7ea73334810c4129a9154e1199c812b605c62926a903acd6ebb4e7d9d086c11d82168e8343a3ea732e100b1292c9a91894ae613c2238be63c9d69538f67594474b14a7c2c876c92529c9a8070308906d76b4f4e537d5c2a9bc61eb35db50b13799d045685d9c3f240a8a5c7a651b0c955209d8e436431a7d3c25ea7df3709b63bb62d3295ed16222a736fbbbc7c6c795cb0188ee86b011d70c3ad7a1b31b9a87d22c7e07bdbeb3bd4281908464369d79ba587bb50325c12171d290920d4189934d3364d07660cb054c7673dea13149cbc3cee848df418e212f0480e0261428668604cc8de4d6ca012e510a3542af3f9342946b8497ca7535b0193e99c086213c8168ba09240ae6cb4600f98f260d643f05c8fcea8b2a4daae232a8f2a8d46cea10a366a876c55003dd6eedffdcc6fbc3c7378a9b4d1a8967af2888f1d57a24f2f6735807f5de9a4acf59bdd6c219d99a0ed4f640ccfa194286e3e379d4ce7123bf7ea342f4795a60ee44462be596ad7f75a894c6cf13875294f2d4fdc7ce753cf714e5e3a36393f8d571edc585bbbb98e1b49a513e75f3c77f3bd4fe155b14a8b47174f5e3a0d435cdad8beffc95da0fe732f3e011fd86d7456afdc8193a1e93b2c1d547e8dbd19f4fa0695c0cb9aa6d4aaf578dcf88f7ffe8785a982c10148bbd1c94fe4ffe07ff8dd89d9e90cc48ec67ef447968c5a48c4be014bcdce4d2753894ea347d1981f5e7ee1c97c363f35330dd1c45ec26a9ebe7032114f1c38b4a8b32593231f331ece40cb9648269280b1aaea38548e83286172762a9549465dff145a4ecd2e2f21a8dcbabf0d5800f8ecdaf633cf3db9bdb5f1d1b51b8e47a9a1216f2a55fa13b5e087bc91c2b3f099c8c0530621a45e6ce1d5b83c216aaf10f341a2029b682ac6a88988e8008e99b92c7b44c34802868b0a0b227219cfe117086ea9cc9c09363a19b11b41d45841353754be43bd3812626198611901defcc4f4b953a7d636363cc3e9f5fad39393515505f5e20f1e2f27e62e1e8af1abbb9d5852a342104916156c3051b194c14d65b2685a0e46436460a57443ab6d3772d359312927918e0190741bdda985a9906a900c1a791445034981535385547eaa287a11b1380b8717db953a7e9b9fcce310534bd3f9e9a9ead6f6f481e5edbb0f690a49d43e2711650e38f5b5fffccf7487cc7ab55addaffd977f99999f8197841dd20cadb2dff8b77ff8cedc8179ebcaad07ab5b86a16f3dd87bf3c76f4d4c4f5a96b5bf57e5de0db952aeffe43bafc35c337a576e7d726fe1d0fcccd2cced1b77e04671b7373ebebb7478e9e485e31bab5b3e310ba1321e29c2d318b0f6c0e78d5a53d50a0238773b8346b579f209c27f5beb9bece625421bc1d01ad8bdde408e52b0b24fac52c02d336413e97811c52a8996b451cb75182115fa37e02a664a658a7a648d1aa7442012e525458f279b365534e562c9e2ba91d40cce81923fd079bc02f777916522ce9f9d0a02499b124d94dfa094399366703c6a28738cc5f142048fc8e91b6a8ccdb3b153abf6afdb19aef73411017a6e54b422ba1285a4441d9a5c6a264bd0c0785af7ec478d4c56df8690096020b49746f7b0d9661330b42d2f4b3dcfbe68fc1fb407f8886d3a2ef5c029d119853764a1c67d0cba7dd776459426532a737766650ec136e5ac0cddec747657b7b293138837b9763f8a8234c1ccb51b3d59345a86d8307de741797ba3247af7142ec5fcf8833bd28777a86a4da78258dbf6def8c1bbaa409e4cb0e194d8fbf75ebf023025c8f45edffac6df7d1f1ac3372663edb636ca7ff39ffe85466cd80e1659551ed506c8d2a3eaf3b77efc612caedbd49b24dbb6fbda77de9e5d9884f0d5f61baaa6d9968d98b7fc575f875be77a320ad4f777cb1f7f74e3c1e64301d549d2440de6d88d09e65791999b081942492c5eb44d901240145d51740e2a452f3bd7c210bbc69567b44a43b6444948986e24745dc4a23cd52d64398e3ca09851217148e10c7d93ca3da874c61b0e079ecb4d8224945cfc2a0c1a7ee591afd4c926b57b6d1c6760f6b3c9c4dcd494e37b85998989a559324eb6cba5adcac848c862dc18147866290f8c512f0f8861e1c14fc96c5c64fcb8cc848a76022e6ce6a12c54f8559ccdc1628964a2aa6b8954828bc9225ca18c85cc7199000c60c662f138373e11964f66d3a95c3a5dc855b7cafe5034e105c5b969629d282f1c3ea2f1c8cde91a6e03e0a6d7ed055190a209d957a2da7f6af2092855cc80855456d1743d4218dc5c3f9a29447acc49649274ecb56b79e29a7875a8bcb1df3581fa45bd09b5c4f81eefaccaed0e24e8e6c0b1a80351345328b5fdf6fe5e43e1d159a954dcb343a2b64d0b608de21a49b16c1be8afd96ac60c43533427f4c4388b20cafaab4cc68691df1cb5fbe08ab1a2715d8b699a01c7a71ae91875c56842b3889595581d496886c49685aeefe35731ee55d7d471e7bfe8b6a563ea54ba280b4c26da5193c1301f26a8c139189a8025aed673a9cccf45fccf9a40c6973fee926d3763345143a3d02418760603ac443a1edfdbdadb5d2b1bf14463bf27bc5b347346d05d9e5fd9e92254a2d9641d1b67b57a7ea76ec13ff63b08327df1ce6edd141409993dc737bb0eb41def776d0f373ce898895421168fd54bd4708a375476ebd9621617dea8b599990badbe55ddab0abc0135ee367b07cf1ec7e5f7da54ee812d4b17f2e942019bc10deb8f426bf97ffed3fff54bbff1d9e7bff02c42dfabef5dffe9bfbf8145c63a7cfe2b2ff64dfbcabbd754ae7581fcbef099cbdd7ef7f6b5fb9aa647434f1e15e947c5aae72f9ddadedaa3cba23939ea732f5f9c9c29d62a8deb576e0fba8ec48667696576776b1fc11f3e00c07efccc215dd3f7cbf5da7e13b23131913b74743120fabb5e2db738829333592a216b353ad4c2a192aa32d9e4198681580681d87eb55aadd7ba0373ab541ed83675a672b8174882d30f456849e6833acee598aaa5351d5215a7425ec88d9a8ac5d86a73553589ba46bbcf35a52328431125606544ed11611b88b054081977538bbe6832d26cc902d11222ca0e00ed1d2aaea349035091b66d5b3c3987a2bb50d0775cb0af210a249d8c1b312a0d8a1be78e1efdbd3ffad3e9c525bc5de10a3fa1a28f66c28d80ad4a259c26ec0dd78e87921c19240e8b83a86b6154f3228d5214b852b2fdd4d6e65926595eceee729a83f8745f0a4769b690797345cc6bd161b4e06d715b64ae343587e8d0d0aceea0df1d08a27a84c96479e9e0c2f52b373ddb3d72ead0cf7ff40e978c868b2b0b50b8abef5d8b665985e1a90bc76cdfb977733d88e84b25941e4dbc1271df177feb95f7debcf2ce4f3fc0c54f4e4fbdf2ab2fee6eed9eb9787a605a57dffd14ef9f999bf8833ffb8d7ff8cfdfdc7b5881c73c7fe9f8577ef70b833e29e83ffee577cc9e75f1b9d3a72f9ee6367ff39b7ff7837ab58b5f3dff85a732b9d4f7ffbf5711ea4b81a2ebea677ef333fd76fbda5bd701303b9d4e79bf3ab0cc5aabe5c01d0d7d92135967f6d393b9a49d8d91102f159eae10332613b1422a15b13eb244f5d33c7247e62606fe00144565e74bdb032b352ac815cd7ca14e012f779c2851042bc451b4091206e2110ad2a8700fe211d7f504c5df433f0812aad6042c0a0207a1253486c91199863378ae448da8be3fcca6729eef345aed56ab3eb3b4148a74bb86f84c66c625a24d946806c278c259286264f9b1f483887c1f3556f00011cefc488254f6fda84e53b07781187324fa7d58bc2808e3ca0f91888361e3b244b226b870fcb656aa299c805299b99082683622695eabdeaad79b7beb5bb34b332a757d1117ff70756b6a719a9d9ec8c4c90f1f6ccd2dcfe20da200267c14438b7a7319e6be5aae694496283c7d45ea763aaf7ef7f52ffefa67e0fb85b9838a208a11793489daefe2a5bdd25b3f79ef2bbffb45e05eac553a97ea77dbdbebdba79e3c4b51522584f38d2763997c3a954af85de2ba276672f32bf3f53dc5b6cc76b359a954f62ae576bf2f8699c2fbd196b1f1889a4428d14e2515094dcfc58c7ccc984a27f22984bc49ac1c0cb3a0d1a508c429a26ddf201b4762a4514e88e26e2161112d4b7ccf50d0c72173878c6602319e4d342228ec732370134d06204364506507404202c7843d9345c59f8f10c15742251e4b5042997a82a94e2b6e68f8fef6cd6b13d3331333d408b478a4982da480e8ebe57eab6a2a6a08d3373197a9977af890e3b8f9a9ccec320dd2ea779ce6fe003e7f7a291b4b687082edaae998803dc493a593f14ead170a150c869962daecc2bddae37ed8d1f03ffe138413b34577605bdcfe880b5b3e7e802afa6bad5eab2784017b441977028ed8056566710e6fecb5baa47c90aa93678fcd2dce4f4d4f1a3c7081bbac74783a1a9f24043b8414abd95c860a8246e9bad1d588d1c3217745fb88920468806f1017675bc432049c65b32cdc853bee16b4b92f147e50c489629a866339f0fdd0766ed817a3503b01d74c53bf83a1dab643f3fa7a03c4b6a552097b90cb6445032ba140229c421a6c4c796d59e41ea18259c358482797b2a9c57c7a2697c92413407006512544191ad4222e860f5368caa88b2c38fec61dc563861af11af46621683223688d0ad0348e5ec53c3df2632abfaeb3771f91cd54598f177142603f3269ba5a48c4665289623c1657a9188d4779d02d0b0e198b87d5a1a212c7a9ecef5d7de78d76bd1a4b1a133359db7401de32f9b8186a84b8b2309d42d8c2edb56e612a25f4245348d0448cb8922dd248984c3e114f191cfc8699099a91a644f5e534fe6ef1c86c3a9fe2bcf363551ebc1ad818008b8baf3c3977708eebec82e9a5e9d3cf9c3b78e6c813af5ca4b948dcdc75eea58bf30717a860240c168e2e1f7be6c2d1a7cf9f79f14962fcefdfb8fbe473e7160eccb71b6d6a40e222f056b3cd15205a40ec5428ba73798a0b951fc951fe7714488bf90a3c1f2f5fcc0af70a6c0e20fed5dffb95e9b9a946a323ca6160488b93b9742625b87e44cb2b87975ff8ec33f30bb3f82c65765dbf383d75fcfc09acb2982c8c7322f049a5939ce20df815239bcb39bdc1a0d78730757b7d085222911cb41afe90db2898a3e2d1dd345f151f848b9c49261752c95c2611876b24725a1eb998508cd90e79bc197b8940e43014d18b267a87c2c70b79454da92a0ab5c56f8754d44f55388c6295d1d41d99413f95fd484a040e5916751247441210740ea1e04029abc3ea41857e14c7c779ded91072d66e77bc596bedce8dfc4c81064f543a92948d26afb0ab62c31739181cbe5def5331633621a690c2c034f7bbf1a40e3c28e2122ae3b15ce6910460a5ca1f1a0ef5987f1ac36dd1484f79265bb40b489962b651aeee3edc3b7af6181f5086e4d00e52c906755c176727cc767bd0ed1567a729a3bcb9befbfffc6f7f05e7619af03f0e0ea7c7f4dbd7d7d657b745bc8a3d8061fbf8834f57ef3df4bc4074593d5e9e1fcda8559557fffd0d2a4da34e791900eb87df78edc8e9c35b0f76eedd5ce38a25b9d7357ffced37aba5bac2b8e9c1face9d1bf767e6a7ef7fba6e51f23fbc7b6b63e9f0e2d4dc74bbd1e8f72cdea460f76139918c01cc0804e13a5e75af32e80c32d92c858c43dfb4cd903d934af5616226bcc2909c188da4a6cfa5624b79b85f2311c752c06869a3d1ac02d288b94321778d73d13b5d9d3a9a2fac88e6fad1443449e5a114dcc61865d705e92f381d69dc13200a97794015c45d23674c15d881c0435c0aed06618a043601b5a00e17d7156522aee70297c00400fe5372bad7b32cdb73cc4eb3a6aac76193122963d01b885d88278da8bd854b6ea8c5c81f52af0dff5aa7ce45ec298fb58e52f3548a0de03164221ad703988bcb61a9951eb9cb705ca7cdb92c9a2f64098c8e38b4d7ec504dab6907be2f5a5120b8667f20457d564ab7da8017704d4b633f28775abd46ad037b3b06aad08d6ebb371e560811b24c04a7649c8453101b10258ee5a8536be7c13e071a9a98e67feb93d59b9fac460d32d40e4ae0e6c3b7af1309c083361ccbfbee3fbda6eb9411e3a955c6f683f2bffef57721d3709a16b798624b6f7e74effef5759f6a2be848f0fa6f7ff72d91712e148aa56aadd5ed58d480e47bdcbe16d91b6e0ac0dacea61273e964369948c4f5643c862f51dc2a4532c4bd620c7045b3d6a86e5e15a65a94c132f3351a80a208c3268a5323a31588643051f3823b13abc2708dd297aa68a163fb183d1941b4be927ae87a313eec3a5adf7168e3b9e676c8970549d414c2308d463d9dc9a4a88a5f022a1574b2a051203ab8f3304a4e90d014a6291fd86d58a25011fb3a7b6082a7020e85e1c55551f4216e852bad65969271de2d1a9937cac4c5e24622991c723797280f9b3abc040b6af506a2f93e9e4ac4120921a6e20d134b0baaa19badb6faf253af883b9f9a9d0838f217393b484126931e72b7be08950b93f95c3ecd49e4e1687690e8ab1331843aea6e13ad4712337edaa8315d934715178611591101a4a97dd4f545a2596c9c65bbbdce80c7c84862f80595410b9730f4a1dc436aa7f53b2d9acf08d507a4a9b75b96c7b3fca381954274a8fe622a959ccf248ae9642a897548c0058be61c6a1461eb3af6833c3d59518520ab8ab8c3f18c1231bf7264bb47297d865f2a4f0c64eb276a36c5d09428e919cd3651a042aae84492a3546dd4b22f102d2ecaf287037a66016e83c81191d7a7c263785b59ca2653996ce6e0b1e3d8d06ed36a56fbbd8e2deac93c1716c1a24884eb1c21d0b6e9f55a76af65853cc7d4ecb966d76d567a8ee58b50d3ecdb7dfe88a8e3a34478ad8b984c24cb45e3f363d2468151a7d9ee10ece1e173b6037542a0b0bbb10deb1355e1db76abda14ce97e67965338e6557b74aea679ef99c483bfef77ff1c7bd6e0f51287bc3209b49fdc99fff6179771ff60ca7999d9bf8d3bff8a38bcf9e3f77e95469bbd4a511edca98d2150e02d777e2cce10bcf9edd5adb165b0da9b8f4fcf9e5238b7b9b65b1ea2f7ceed2e7befae2b1d3871cc76ed568fc1dccde85674e232682bb647e5ecee7d3179f3bddef0e4472737965e6f2cb17160ecce68a19b3d3a5a974b0f6863aa4004dee0f4c9b03a276af3b1c17ec10daf128a7ab1b07b3c9e97482a1581cff334f4b84c2a89b53168e5e8906dd88b90b8a20f0c5122be389eebc23dc2a12156b08891415667c104a69f26cdba8f74b1915aa29514820f3205949b00de3213b43eebd2305f3028b3aa4fc70344c05f0916bafc398aac562c6ccfc92aaa6067de26a84988a8248314d953a474988556be07964138589a5b18f569f7afc46231725ae6e0d85a50040c0553954911a0c05b08fb2fc8fa6de11fb0a090b85d6c9f09bfb5be5da5ed5e219197416cf6f561ad12817e0a266a7b2b9577eb8db8557a5f08a17097a363337a9458d70a4a0b942666a362f1e91529c2c0015bdffb377f3c5fcca9105312d6034bf49b49093dccf2fcd5c7efe0202ec68bc6b181e3bb572f1d9d3d4de2d85c964ecf28be765c95b589e7ef2e9d302b22412fa177fe3a5a3270f88fe667a06ccfce4739f7fe6c09105412b9cb974fcf88513a72f9f7af12b2f1d3d7d009f81844dce4e1c3e790881640746cf1c909c71599818b3e67af630f071eb9308df32897c2615a34e1431c19d292b9d67c5f2b55321b64820c9e1b8b7926cb9981a2ac65870264fe565d1380d808f70590a279fa287aca8d2a311b0514a8e240e984813d951ca13500d13ffc8e36a55c16ae0459d424e0da851e7e30fb99f05f84144213c284a6ab75ae59d5dc495e96c7c9471108549e369c5a4f0b9c9e4d442263b115775b1412142f2585204c151efbd4ebd38a3c9bbd442672452b1a82bf331826a5cdd1ab9a3116213395391788c2a835559f4618c1c2c8d0815c5ed8af83c99b552659cb197a98fd2ac95aafc0a259720b9dd76fbc1eac3d2d6dea3f1568fc6754b9c54d11a953a628798ae8e2706544ab580ea2f44f29d9a236e7f72e7def57bdc70248b02ee4ea38d8d9645c247966ccb2298ac89b4b40ca06ef6ba577efe01f42c9e8a5173e2d0afee57a189aaae799e5b6bd4818ba5114dea0de9f10838761cb82119cb6753f4e4258494ecb2a97856d78515a3c9763af6545823393248c263b2e03005a1460d3fa3300bafc0ba8879d2a23a438c6290059fc13217ad8d421b136d85cec9746e5d8120d17071de639d2e81302a0fbb0c13aa12d7741671819028d9aa538a85360f10a2b65fce16e2c7ce2f2653b130081f9159ccc5c31025d3c6c2a189a985dcdc4a21958d8b04fce47c7ae15091279a510c03995b393193cec545bc932e248f9e3f70f4c2c1e5e30ba3b13f636cc6f32a86c3f9230b679f3d2b021d222c74edecf3e7d3f98ce06ca716a72f7fe985a7bef0ecd2d16589012c828fa34f9e88190667c355d597290f9fc9657de61269de052b7461223fc14f030979b859ae503871f67861b298c9a525399a48fc789329752b187a369f2f1433f56a9731891c8fc7f2854c2219b7cc9e98f0b6b0348b9dc8e53340f7360d20a62d20e3a744c94081f9a21ace2080cb0f47e5cbb85ce2d96c7760f6ef5cbf55af3778e2a665e2255f3cf5cb177200912dc4628b85743e9b218b21267c8a4e184e818b7ed6f1c372888e1df2785b690cc2c2f10cde90cd7604f8a2766a590437d1ec0225eac8607b26aa31c6e1591035ffd1c129b01c95538807504811dd22c3462a06e546697e99c849c31ec788bf933545b35c17824af3517431a426fca5a73089330d0360027cd328b727e6f2e32951f18421e08190476899cef385e86908213daaa2df355dc74da6e25117ecf8dac5dd2b72711afb9e116685c8915c7a6e65a1fc605774a52f1d5b197a2e5419d2b6b74ec5b18599e2e2b143d5cd92eb389aa0c5a11257debb1a4bc4a4688e49e8fac31b573eedf5fa62ef1bf5e683fb1b4f7ff639d818dba609fb921fc8a3aac3f1dc430029dfa3298d91e1524284d9e4e0b852035ebf556f9d7cf21cc5e408c539b0a1d61a4da1db93450b9aa0afd4442a216a0b81d580789f7af93244c4e19a826eb7979fcc777bfd9deb374c44a188715c8fb222821da53110124cc2542a31994b1b544363883513393f61f67deec70c45852b997b312b4a8ec2c9a81c48c04de2347cead01cb50144458d320f2de187ca8c676b0a398d5836e6310369fc54075176c6f213e8aa269a521531e690cf22e48ca6ed45f868a82831999a74020746dba5811d4453f34c945fee5912f02410ac18707d210844ffa2a85ee2128c488238fea0f069344b50ea016473f54e188c999ac71e70c3a99a41a74f7a2e0acd89073511288861bfb8d9bd079b3307163cd361fe5456e9e930a4f8788346fc5b48a4eb076f7f42de41d3c2c8c52a3ffddecf29e062a5f3fce0db5ffb7eb600590e07f4388c4764dda8c2099b246f6f96bef67fffb3d5b779e01639e9eb57ee6c6eec743a264749c1cf7ef0eeb1337bb8e7bdad926d7b781190ff87dff8d990ebbc39e3a6562bed9ffff81de2d29829b87d6d0d220505e8b5bb0fd64ab2aa67f239b89f6c26bd343f0f4759eb742dbfef2b81ccb97f8d1ef2e0e762da6c36812f55604cae34c4a7a2f6a8909e792888042e28a7a29271263da4162551dd3a9ea825aba1686a92c6c9dc68682b6d8e12b26c892e85d190a6301a2920f364b0a84f3e0abdc521440a4b190d1b2002968c307b5d5fe2796994afc0ce02e71b3c1fccb2ade25456481675618d9ffac63bcfb3c6a9a0656abe40133a48b088c0038c43bc19b9c29026048807e6892f0032d8362da60dda03e110c35fe664a1a7d38b53cd523d9a5710069962d688c7b83d131b42f5d2e95c2e9dcb561abba294285bcc079c5da769623c814616859edc21ad84c1e8897514a3f91a1b21fc71dd6179b72626688e3de4a81c23aa6de2c6dd1a011d45d04554b7d3eb9a22878a3fb5fd16de2046ff3374a5155ebfbbc3003aeabd806bfee8ad9b9a1ec1d47ab5f3837f7d9d3b1502550ce653e9f100f8c0e2e28251adb5fa0361c3b9c94e09021f86b40834964e2851cf8348f5684292445fb57854090c208760347663b4b69c575104792648e751c1a3e8120884e888cee721134d51d72551c1dc79c1be3510d22626f5858f3f0150905ba128f6a7c3937afbaa1538e4cb180652cb38bb6fc15dd17a2a8ae938fd4e6ffdd38d9563c7e9112762a2bf982f41574f36b3d7b65a559a36df6b77b8d18868b34e93181e31369fe949b755e9469c163fccb03045f903c4fb11b51e65a7c3d103bbc27aa9d6aeb6a3f85b953dc769eed769e218d76b0dbafdc5a32b0157358aec2de4dd1e5881e8bb4c70d315447262b2b07060eeeecdfba2c90ea67a62229fcea776b7f6c52466bc677a6612df34aa2d694c7eb36f889e6bc84a3cbb303de899aeeb0b7ae2c8c965e0ebfd52add5e8f2135c8cd905a0cbb0556ff77b260e83a0353f31050bdf6ef51c6a16a73d21a194c65e86da8580651451344e9a49039e93a9342ea9de6cc0dce834c550773d5734aa25b558216924698c2fb7ed3e36db0c17332a5c1d957c4b625aae68310b04c9194d6119999cd1f00bd1e316444c6af4582a81ad43aec2104f1b8dfc69c8a24f57ad30ac8b902b73ad4138e675e93fc287be78cc193ca64ecf88847514a3c145f7bb0c5b0343d51ff4df7ffd6a1864c7f56ca24c5674adf088db607bbdcaa880ab2eb936647fbb396aeba5ab732daf66b6c67d28ed6aa75569c3b57137c6b83f501e3fd4127777e7833b0c9479a699a2c2aa35a915321aa475efcaad782206170c6cccf166b8757743703b34d50c40be52aafaaeb37c60e157fff057e1c5baad3e3f416e78e6fcc9732f9cfbfbfff3ff756c4fa664adf7e2e79e49e4125fff9bef88915df228913752ce309d4afd377ff63b57dfbdfad1bb37f1e3cac185dff88f5fa5bc67bffff5bffd6ea5d43877f1c42b5f79919069b5f6edaffda0db365ffcc2e5334f9dc6ae3f5cdbfce1d7df70692c96c4eb3be24542295348bcf4e5a73f7eff5665a7a6f0964d4c4f2e1d9affe0a76f0b5e876a78645d0e79388aa4a60d23198bc563314e26ca5119a22c8f562e1a5f1a21f771cccd392b6e15834d56c6d3a24635277224534ad4b43b1e98280c9ecf49d2a85e08471d466bc363a42431694cf02c6304351a66f1c8338949b83acd7771a3360c66bf798ab49fcfa4718041bf2f8e14e5f347f315467da0a13a7e3d14b50b81140d83882c6918b56ff18c27d1ebee0fa3aa9e208c7af7c25f7a42a678ca8912f92f2e08659913248863da2e53b28275a767d9b21125a1149dfba26aa0ddecf63b7de67ee8feb12fdd6e974ace79280851e48a323007aaa18d1374e163837944342fe6c8670b694e5f06997c0aa77bff676f698696c925f1caf4dcc4a0dfbbf9d135c4ad22e7bdb0325f2d57f6774af3cb7362b4dd23942156280cf3c5f4e15387e716a7b980808cd9e2a1c543a78eb88e2dde97e0a9eee21386a6a770ba649c97808601ea9acecc6a142f8ecb1839c9295a65459351108e323fd1235565c2cb9c029544d950103152a1281de3e949f4719af540a1adcff328fd80be718734e1cc0f452285b2df22031e0a27229207ca88fe170d77c27e8ea44774212842f04d6bc0fd06dab967ce1c7f62b9389de189b741d4604c9741c586b989e4b1f30b874fcf1567d25c3144a868fed024cf4ce426777f98ce27f253191e5a140aa43f010cc7836a46c535f2a3b6199e70bb787851d7a3d17c85e9e2a9cb670f9f3b861853e266cf43678f1dbb746676659e091c69eee0e2f18b67968e1d8c25e2043611c4c99c02722c9b72ab863e1ac8a7707da332424e744e72795157ce98c01091789451320776b55cef74fa42cdbb9d7ea3d6b87b73bd5aaa8a5d6d353bfba5ca8d2b779bf596438f20f03beddec3d5ad1b576eb79a6d844ff2630f7d1e0fc56eb7fb963988a80daef9364dabd36cab865eadd7b1485451a8d0b47de11e53446d6a9ce6a10193a2f1817aeb3c77381ada2362b7a8e293252d5af430889ea92b454e4d40a251a3bb2c7a81b9f7d5e38e3d9e81cba516819027caa1fa6c56028e0403d1e73d92ec28de5414f1584531095620544260a26a8807c80d391e9044e31da2966aab490f65d7f564ca284ca683a868448c7664210e8685e90ca09839b032b984b82220e46c314509059678fcc94f6573c5143f088cc67d6831756e6546133d95a2943cea0a8e7c65762a7fe6b9f3316a4b0b702d472e9c28cc4c1c387978eee00256617a69f6c0c923b307e6f1ba11d3d3f9f4a1f327a6966657ce1c2fce144973a666260536c67a6432a95c3e3b1af948566e6a662a93cfd08c6295e7bae8dadcfc742299182522a3a79c8d874a62c1f213b96c2e239002967f727af2ccc5d3738b73c9745280eeb985b913678ee4270a30312c37e1fc8185a5830bb97c4ee1f2b5a8566d54e429e2d644328e1b184b1ea2e385838becdec298116326cfe109e41a7c4d22666886a1d0c436237aca5414b99155f039072a0075c8c54fe2b042d4c6038502964aae8e92449d68e448584099b8a3c0811e724e36cc2343e2bb62b48f9030f64a029b07d1e3aa42390ade25f1a076793c04503c3d4e552332779444f1352ea41660d1b42d23164b265366dfe4e7c147d68ebf24f1fc321cab59e920c067d41f550332613114fa0499e7d251776405f9210f3600ad377e4aabc8b53fce8f5803d3f35de223e8890eeafacd7bad5add73a882219149b6abd576adc6e367e5dc440e1fa83cdce2090d6c7bb7d7b779129c02abf3cdbffbb776ad497745ce55aad5ea3ffbee4fe9412434768468d5f57b0f149d76435395b1831ff3fea2a4ecc647376ddb16d45f75bfbeb5be7df6a9739d7617961217f76075f3fcd3672e3c7b01164e8c585ebdbdfeb9afbeb2b03457dadd1f4d997cec21511cba22446d37db2e8d6d8a9ef0c851643035333d3737b7b5bb673a7da031eee40e74b65e1131a68a9c8f22e26ab63b91d0f0e36dc3b1eb1c3f93361c3de69c23021efa143de23d1c7b5be9518b43284664080e82693f628365aae3e35ee990fafca2dce5a8ff47bcf911bfc5f51e4366cbf809826a347319c8981fc74919089fc9ad208827e00d8fa5b229d7ee891b193da091c41b7e2d934f529e2a6900dd8b1aa36426ae8a3ce0885e46f835689be2216dd48d174b12b7e00f1f7b98faa32731e124c94c5212333b296b4c39125c4a2c91b0cd123fd230e63b9e918cfb0e653ff5780c8b2b6ed675490ab5fdbd8ac8f761b1d7ef6c909b3138e9c6a997db1fdf61e3a051d80f416cf710daf0635194111c964614013d460a5f1fbd7d8d091d8da706fb3ff8d79f2280f510b9e03a627a7dbff54fffe51b78c5322da81a04f7eef53582f380809dbe18c216fed233f9e8f850bb6ffedd8f427a08595468b4f3a0fcda37df08860a343b24a2d215c37c25450c868ff28791848d8ab0f9a1dd43515a224963ab347c340e2354444f4c108d2d0803693cd4322232c6958722281872ac4afaca251c223710251564318c6bc49844b4a22286ac2a11bb2232f4aa1e4862c40b8c8e2c801b9340fcd0e0d858ac7ddbe5c60dac89232a5a47f3fc22f6d631dd4c91662cf2301536bf80883c70266ad59343cff11d7ed633d775d2942cdb72282b1f84e3e965b232a6f9c4083e4f34cb709fb07ae2a97346ccc03105409f5ca231f2dd5a4d140d287a6cfae08a907b1e76ce4d13a1e8c5a38975620ab59688c7ff7fb6deebdb92ebbc13ab5d55e7d4c9e1e6dbf776cedde806d04844200492103954180e15d6c87ab0d7d21adbb3fceaf15ad6a31ffc0ff8c1cff6a4e519798d46d270248d208a204182009a003ae77c7338f9540efec2debbea720c41cd46f7bde79e53b5eb8bbfd09d6b75669af099b6d777c613f848381eac544a5c7e08ed2bcd4289b645a3759b766aa92751977869dcb1cbf6c02681973348e37099b2947e165ef8e910fb59d46aa33258bba0316190eff064e8d24699d503b0f9dddfee11272341d76679999988264b7b16f1cb08194c1fd14a25ba405221184daa9de6b13748f2aa3ee3cd0ef11c117d95905789d248a28e21153ce2b5a4fb236bb3e9cd9502641bca254dd28a4cd537089d0870309fc1356f04516f32658b7883ed20089564939e2864aae978f8f18ffee1b577dfebed8d8c7cd09f71230e2ffbe4f65ab58ed22c8117f1b4797f7b38ec114d8d8f586a3cbbbb91118180dbcce1fe68d81b620b6b28648f46d7500bb8f56463f7c5267f344891f7beb859a957fda9e78e2676a9b4f9782df270c237dcefc3c519ecf4ec320e8fc6039c49e17c72f9506777078ddf64d6635c9465773a9d6fffe03bddf92e1ca8c737af7ff60fbf1a8efc56abf5c10f3eb8f9c597f76e3ca361b25afcf1d1b4ed975e3977e9ad4bf001b69ebdf8e54f7e35756328335e7ef3a2e7bab7be7a005fd9ee34dffae04a67ae331d4d6e5dbdb5fe747b6965fee5772edbe5d260afffe5cfafefa02df70197778e01f34b1d64304f7ce6831d3bb5daead4775f6c3d7b7acf29e3880c412e46ecd8255af2180c1ac3ed32b6c396ec9ab80421cc1c654043e2f633a54c602474b0883c83a6802cdc9950fd2ed4e931b48b802e45b933e0a18629e1d7e4c561647a1ccfc70a771aac79a3954018fd4946b610e36b4ed9245f5121149182026718870d348a2e8d065e6f779430b3287718c4c525d92687ee2440ac0896d10403c27570c498179ec750a9a02679248f4bb5e901a341723d4a598f9458e399c5a6164220680c19ca266dfd2df4c1188cd92982eaae31643c530e7af09ad92b47e6c723df233529fe73860674673bddf9195edb9eba746eebe1d3070f7767e63aab278e8964bcf16863388d5275854c62fc394ee9ece533ad99362483f6eca5b5078fef3fdc6b366bafbefbaa3f193cbbf7ccf59323c7964ebe7416eefeecd2a210d1fec6ee8557cf1e3e8dea95cb470f8f07fddddd5be4fd9ee5e37184da9adfff830fb636f73efed1a7708f1657e6befb7bdfe1b1e8d4efdfb9751bea1848234ec9b1504ad30868af67119543483361895ce1b53db78dec53c4628b1aea88f680861271a6248954db38d116885c9be560466221f3ea5d0ec8e59d6742be41683036ccd246dca63a6f85eda3606d690b0e196b3199484b4ea8fa44f203cf739c9af3def7de0d3de1ba8126bd7149ccfb7b68ac678f74067ba32048d4ac562e67040935ce2e75e089800a64b837e603eaa0df99c50eddf2352591135fb3daa835bbcdc0f7216e71ba45156d1b2db6792d06ad61b55e8366c21d4fe1b0d61bf546a70d3d13fc279a27312e9b573ab96b03615db0df657d54ba049004e10cf95048210e27d5762c7c28b5fb3824697fb4fff8ebebbc02b210e39b8c7a4382b898d273de309edcb81e7853da94f2862a7d7efb0632194b76be06e2ce9e40ba845247713c6abf44a389bbf3cfc9f9707979a95ead48aa118338c85234c5029ca68b5477f3168bb18986661609628ae0db407559443f90500159f3599ce1f9ad50396e49041609fbb0e5027e2f39bc919c54891046b87be470c8e907921e3c8ea8c34a079be9eb72f2a3fc2fd48c1d91489034cb7649298bc19f9419bec5d3b5c595a5b32fc393dc6084aa4227645c64c2eb34bab595938bed99a69024739d14f0f1e8cc35168fcccdafcc1e3ebd5c6d56f92f0f9f595d3ab698c469ee68c95f4dbf3bf5ea99d357cebdfccdd716569708ce982e1d5b3df7da4b1ca15b33cdf36fbe72f2e50b675f7ba9d16ec09d3af6d299c3e74e1dbf747ef1f0323f5576a3d5b0145ad250c6e9d8d306a156a2627c9a042dc155a8d51887238d5794e4209290e3d82e579d5a85740c6c594ea3450f7bd7cb436697cabc9557502d613b0e3d520e0db4a4129dfcc9a6d96a55e17c2d2cced61b5508ba8d16bab9cc2dcec3cb9ebe707a69696e738fb7e9293971a8fc242fb120762e4b8511de1bef293122098caae03bdc2c64d20395fc943272b8158a236e68ff03d618c373824c36dec04a773fa9e648f80b9a7df33c84b6c026af562de412e3200f2171c4a8e3693d9d1b033eaa63d910baa8ffc0c2d0b6cab8ce4f637802e617e7c9cd3429387e1a7207868539636e8d943a41095ed0234d88734ee90013893f946e2de5d430d52035085ab546eddeaf6e1d3e734c265c78f3f50ad524c8f2eacc77e17a0eb6b73a8b8b26f6ad15887c93fdfd7ab74dfe5f18b76d6f1a24b208a5904b97138ed76432e9efec2e1e3b8c3f2b8ea09047a23dc6cc3105184bf393b5961f94e1fb5b7b874f1f5b3d8f1470b87864f583a477a7526354cf788811f5f0b98bc4731f26ec9569884327cf10eba692a93d55ee386b660ebadd36e118971d7cc364cd649d380f69d73874eac4c2e2bc7dfb01810e90ab29f73599c1203e528f52e3092982c7101c86482a52387d0ba18f6212c4cf24df8d7a4c456b90065b2ca6479912631e57ee7c15635e0250cbb7bbd7aba10c560dca2778c5208276db230b3a78180c245e54cafcecd1b4dd44c97f038791cd7219eda890e3c3fb508388da363d30a4cfc315b18c368caa17bcae200b478307add25a4268253999a9b9494ac83784963456e8856ada9f6908093afaa220708a4c711440f0f8d6c063ea4f5de2e29202e3d4f55caf9de0e2b25c2ba3d2f960586db77d0402923ed9dd9be8ed2b89614c9f44a9dc783c717ff1d1274bab73a57269dc1f6eadeda2297510fdf5bffb2b14fa479fa954e4a045c1c3811b5fde0c230fcef2b8d77ff4603341f059faf15f7fd2ee36466344e26f6eec7df2b73f3b7c7c15ea8cb527cfa171be73fd61bdd36c765bded4bd7ffb69be1054fb50b897a3e1f4067434b53274da70519e3d5a5f39bed2eab67178311eb65b9d4aa92c029f5031106b4b3109447339423da1c17d2cdc28b6edc2592a1c2956f0c8647184398eb08568d02cdf81c419f2ea9a924862108617830e8e8e051fd48c2cc9a15af08230266d0b88d6115a7d456132f5029fda0601276ce24e13b4ff159552a953af76dbcd164ef510444bd8051ca8b6211ed8a509ca5d9b5a84a24424e201d41e7486527a5ce499c90ce582604a067c2c9d3cd56a998dbe0c493722d38c2894e050a752d6d12b3f64420e066b8dca85372f35dacd2888b8676f755be3de90b76cf04ba5d15cac56d5a00ea2ad3d7f7415d214ce44580bc390cdb4bab36ce91bc55079f99bfed6e67e3ef6a5c8059d3371c5a5f8320da2a5d8107cf0c160fac5cfae2be214f3fdb3cdb5dd8de73bccbb84afbbf1c5dddb5fde97d326d3ecf7c6a44285e0a79040768aa0aa02998957e48b8fbfe2ad3e893d8ffffe2f3eae56310cc4be3f1e07bcfec5093c09614cd0ff1aa12599cd980969b686329f293c2978ec62bc221949ee23a09ed601568a361889a9f41fd9cdc594131083999ddce5f36234a5b1490401ca831f1822db208aa1ed48b1c42ea355f128f6e378127825ab5481f2ad5432784a16449016e1dbdd30f082606ebe5b6b54510e9d2e5dd5366bb63d0c3dba8da520423de632ee32acfbf71f7ffdc92d5a9464342b5644124ab8706b7737fa9381371db942d7555c3ad0006f7f7b881c71534cc71e4dce904b77ffeb873eca2809d66116050d0a886177aede81626bedc17354efa102e0f18d0754f55b84e0e857eb0db83510bd205ab993e9686fafe438813f9ab22a4066d8bff54fbff7f8cea307b79f32ea9f65c263b4864d15214c42d9e125975797a1ea4c9368e3f9da833bcffc20d1280c5ef39b644677ece8cacec6ee68e865eafc31b84562674cb33bd786a8bebdbe47551a469499b9ee74e206fb6355c9aa890a95ffad567d61659674d4462302d6e122a79c456e10fa7eb95267ab5b34e24c4233b2ca86cda260a91d5b16ee9762da1efb61341cbb9e17f19b82121b599c5194d1c690aa2adaf5e00c8f119c06c32af06c0932cee0529df2358baf4661389e4cfd20187bdec89b865012041ef193cc091c7578fc938464dde2200aecc0ac959d8a6d574ca4e34e3cbf3f0efb9017d2f84475157a4b2cb6223c7f10c9a22472ac4a8493192494c3ad810e1adefdee7a0f5a7825d74df0384633936e4f00471b2b0acbe4c14d5ec9630fe4bbd1a6bbc7d7d76414709a0e7b638d2063785c016162ac3f5e27e9600309c038c530fbdb3d81f28e780526a3c983af6f4b2b4348a35ef8f0d603a178b8d4d6a4f6c9572ea347e65e6f637b98256a369ef043aca44d899c0a57f6d5775e3b7cf618fcf9b9d72e24fe9fdfbfbf13a50a674289065e796575f1b7fff81fffeaef7ffcb31fdf48b49001e1e9b926add72b1ffee08372b5f41fffafbf1c0e03b814cb2b73dffba7df7f72e7fe477ff9732c4b8c7cdc8f9a8d25fbf5f75f3976ee34fce76434f8fb3fff0944d3ee6cebc31f7e7bfde9daaf3efeb2d56ab59b4db8b666843f2e4c22374b428cd5cc1047770b8816fde1781a460142822181f96c0f1d93693a83ee2bcc2a318c46a552b2cc7ab58ad539b1de8c1cc789981541f72f21cce3d475d1733d0c7ad3a18ff4633b8843f83a78e120446e6dbd824d5c40c66b217db41a0151a328a04131d46afed6ee5eb3595f5e9acfcab87bcf9ca4592913d80c8368445b1af8fe20c8e6e7660f1d5b1a0f48d4d394be1199928069cd361657f1691cf7a6e3815bdc4f68d8bea980411c53aa8d4acdacb8632ff403d92214b55559a4a884f957f97b18ac8ba81d2b18de632833001cef0b592092e391690fb7766cc764762a8a1d69e5321e25a13e4f6ac2735e42b85fa9528ebce1de8bcde533a76a3594ef8985b45c50432352c5c98cce4c93e617397456024b69290169a38644dbf270e0a3cb78054d7f5a9d06e4ac10972a0a3e4a4d5badee2cae2e42590941ab017d260a28678d66add16e2dae2cc0abd55bcde5e5e5edbddd4ad981241812a590011dacb23ef5c39dfdd1e67e1f6206c46b1f71f2e914f25b14e989212f12ea250821a6e3daed4a05ce5fbd52819ea386a7844d244cad068fea15b82b835416f82488ec059e89740f085d907c4b08d0c5236af33ccf212e1dfc08c7b270975fca6a950a75d750e997a0cf807c0b5541a98c8b3ff8b7dba8554a0e3510168fd070229ca4ababab175e3b75f5a73711bf9f29d7385ab3c2ed387266b9495ad2ddb9e6fdaf9f7b5e50e41d31c5d2209d261e4ad75ab5b3574e6504ffbafee92d43a2ca94591a2ddd8e9c3dd29ded7efdc9576c909adb20d28f868f78fa950b83dddeeeda16096519aba78e96cae5c7771ee89f6c0753d769762d12c5d4cb1cadf1a011035833c6698003c026760d68e25ad230769516e130dab8058b4293086ffce9a571a96c7a511e72b04bfad669a2e97709815ad55c9ced30e8a65292221f78776f6bfbc8e953bc72998c2750cc20408bbab999f905bcaf50b2fb3e5becb20c81b02dc859f79fac6deded8748cec6ba7a387547a80a6ef04a91612d6592188620641a361c53ee3f49785140412f19e1a9c4a4910780a5b0b3c6c49d24ac774f6fb65da9d6cae5200c6c9af4c0f3c300d812310cf8ee569d721d8b7b84e7390e1c3c51a67d1d0ee3ca286a39db6a762bb56d177dba4b082091f64ad0e2217d439f1d39b1e682ccac541d7f3a25fcaa99497d49159224bd896170922d536bc0d77b6b4f368e9d3dc2bb32e3bf822bd65af572d5c98a8304c9c142121e74c890bba7c37146edbc532db5e7ba09e90fa76a47652f9c84f417567976a07876398f2035a4a203aacd2493d1b8543d7efc9597e12db7ba4d85add3784bec2f10235876ba73383e497de59928a522044f14a190b4f12257a0dbc56f818b5d2ad79a3582e2c40a0a2914fe0adbd85aa3b574b80cb78c5b212cb768cc86ed429454e0cc3a0e94dfac1046411be7b750b3ad6def4ebd29dc54e4009a169464212abe96a790a5e2080d31212621282c84ba9c318cf0baaeef5bf81bb8eb2992d23069927e09f6aa263a04d806b3ce717c5582049136cab8d16a3b256c75e11e96b0cc47bc01d6572523939c06f295c22c99e097d8102ae13a64649608d197304a0e1c874633ea54ab9bd3115954339e56c0c18550425f1a17cf194373309158509345e5aa8572c8ecd5a5b96d1ad120479b196f3426c3491ca25c1762e088a8a11156aaff32d19f59db9bc1e7cf14fa9c51b549124c3dc66df3da0d5e4d43e77108fae8daf5bdededb5e7bb28599aa60a1999b12b11275acc14d00d98e68d5fdd74ea76abdd7027e3c70f37e224cdf2a51cd695105d37d7b7af7d7ad59f0c0342f270652a5b20b84566e2badedd6bf78e9ff7476397219d3b3bbde70f9fe0070d22e6db33a0992283397583678f9e5f78ed12dc8df1b03f1e62393285e7efe93aa2a0501f10ea0687ed1dd0800da18bc4dd2e95c7215641c8ebb50c38ca90d72a383ca84099355b357c5c78226c094e9517a06347d942cb6d84a1b0e5938992f7709e7069241f3dbcbef067bc7c81930caf5c2d5995920dbf66a914c9410dbd12bbf094119a4b24724a9d295409a87066e1d62b211f1cf4a7828ab05c2e230107ff818356a955bbcdbab96b406eb7e8f4432518c4deead1d512996ad1684da1fa24a60caf77a3db21cbe2a9d4009486176a249b779b7ca5cdb9e5b946a741022f09eb20a96f902d5b67a6dddfe91314ca544812153e51c6b08a8ec7b1349f2b571c08c5693c92780f7a15fb2ffef58fe81058ec5d9f4352734d58fcd109a6b0787767ff6fffc347704b42843f10ca523f19885043f0d574ea7ef4971ff34489073c3cce96cd0c96b1c9af3ebd71ed8bdbd812d2a26932f6fef3bfff888977b24b103c4b41424b141abffaf9f5670fd72072f5f74748c843fbb7e4bffcc79fa269080949c04d4b58a98f8e07118611a6584ecd6ab964d62a74ff2066350242e771232988338c7b4188638183181b5ab0990cbe826c02555ed946467f89c7fe0cc266dd0084efc30b94518811392cf0373e9bd2117223cd02361f29215d1c4a3b3cea0e055492f6a46c8baaa3b61411a71810a33589458e6995f94e13ceee380c4c5c37e1f61dbe77b0b3bfb7b60b8529942542623d08b5866216d1dac3adf65c1362d8fed690dce98b5bef4ce8fbaba499f7b7f711542d8cde765f134e557692f7fee1cd07010a8a994af19069514874412cf4d8db5ddb70a72ecfc0a1f2e96d6d9368a18439e1c2b4daacfa6e401e3139255982bb33961ee53d05f6172927b1b295f24c3953328b4241090492c88f9e38045fbcb3b5070d8e2c3533c915e531f9cc5cbbdda94359babf3b0c98aa95188e53523d100d47a924a3cc88a0c5174fb6502e1541ba920b49a0071658821ced341a8dfec60047ac528d07178e15d36e86904ab147e1abd7406fef944634c8e546147582fc78886d21c2c12381e379a838051e06136a3513be9b40b9868b9a2531094998fca16d228cfb3827f35c289650773886a316a6897472b04a35a75a4b84136528b9e1b996c888ce93d46a3578cf5090996c83c05d38d105300a97ca739dd64cb53a828640022e32e80886cf9efdf45ffedba5d3679a478e86a8dacf37935bc56ce3c90efc2b81caea58c830a68287a19225596e058f6e3de57596ccbd721fa74ea4616c3cd944fe98a584b4149f9b5f0f32e9f8fabd9253465953b4aa091fdd7ec8745fb58e48ad7ff3efff5566c61bcfb6d2c21caeb02535b47795acd8d2ecfb7ff0bd95e3732f1eae61579be5f02fae0b2fbe7ceeb7fff87721bb1d3d75e8d9bda7e3b1a767122c1f7fe8d0fceffc37df7fe9cd574ebf74dac8c2b5a72869f6caebe73ff89d6fa25ed0d015b913bb6414d2c6a9f4ee77df803834ea2316606eb1fb5db2a99b59ec6c3edbf27d7fedf9935e7f4052b178ab4e2dcdadae2eb3ec498995d6718657a2246643640d429ca042da1d4da6bde17834f1c66e30f6fcb10fbf06c8ae4bb91a43ff8e56bb6d210d02c7a2164b70d3a549a268829e87f02f3413dec4f7a648b7c2956764186e9a0c237f3f70b7c603f8b7177803771ca5486585833e1af4a6c311e9124a39166a2430c931c51afe74a737d81e4f70fd4fea187395ca4aa51af507dede6e7b61a1dcee40d0628605d22ae3141e86f62c9abecb5da4380832e6a98344f94a0c124fb81829a4c2985e2be13ba9d62b6c2347887c535bb670db53a957da336d8203a6bc1281a2591d64c92334ebad7667aecb58a84cf5220a272a75d5e4639248a472bb3bb37c781939e2b4145484e9949d165b332db8d4f7af5d5f38b444e839e99d40d51762ebdbdd46a3d319ec6e41f8995b9ca14a2d9b99ef74e7e7eb0dfdf59966cea04b6394b43ab50baf5c5e3ab248949fe4f485638b8716e125cf5fbed06cd7d1e1d671f49200255ea8be411610cea20c14f8c7b22a8563b5b3b5b9bbbb331aa2d113c430d70ffd18ce44d92cd5ad52d34f4bfd2079d21bdddad8b9bbb635188d71b91d87168ae5c688fa894342a4918d799ac0791cc24143a42fe470a80aec38136e9c8ca268c71df53c37c89cc595574a8dd9a1ef2f1e3d15969cebcf9edc5a7b0aa7a3e2545c38e65317cf442af5aa895b10935971a95bafdb8cea4ee36eb97c69e9d05cbbd3ac37e2fde1dac73f4f039fb9b58cc3c6e540d93effc6c963e492c4904bbe97863a36b9e60e37c971b27c7ce9d8f923248e27f17686c69d65c69957cf7ce337df7ef7fbefce2ecc90621c37ed1903956adde6c5b7af9c79edf2a997cfa328699a41c377eecaa576a72dc976f432f6fddbf79f3dde46d281300b965cbc9f36d54441130c31bfdcbff3100adfc924300a5a7c1c93132cfc77829f7ff9f5cfbff453b1b5d9933c4412ed10b4947df66cebc1fd079ffecdcfaebcffe6b3fbcfc81adcbcf6d5bdca5c67636d4f4e0524f54cf207e1adedef4e9e3d79b1bf33e4f7d8db1f5fbb7a0b1a88373f7863349c406bd99d998b92dbd0abf1c1247f3ccbc8227e9e49362f8678b5beb6d69d9d6b353b2e142efbfdf5fe60e805d380f73676c582165420d3dc4883c8db188e21a4d52a90f0aa46b501c72b0c7d682e538433a0452b34a1700ae164549c9a1f8d2db3ccf8e3232bc726a1b7f7e45a19dd7120898ce0829e3a7af6073ffcc3683afaebfff7df3e7c726f736fafbab0d46a3689558b85974d9b706243c606762366bb5eb3056eeca176bbb87ce8c4e232f407254304fb83c9a3c7a3c74f9b67cea0ab0175c532f7204f84d8cb428273f309ac2cd0f4661d7f07f5125992658ae599aaa9470665e4dcd2ec839bf78f9d3b8e538cd4d007904352b3db3411d8dc87c4cfa9a7deaa952a15bb6c53132a732f5cce1a326ee2187ea7e6bc52752cd3f45a954031544551a55e1b8ec670db6c12ba56be9034018ad1e0737669bebb3c5faed57c3fcc1431834494e1822593919b1a5604495a58fdbe4b48ee2c8ad2c9349a1210ef80f4325b7c652208e2f5cd5e6f6fc4c5c0eef62035edc93478f268dd23b4fbfcfc32d4c5a88c4784d2328be993b40972d6427f3a9a6c3c5fafb75ae56afdce8bf567bdbe55ef3ceff727de140ec75ce74818bb5bfd17c7e70e134400bace12f63141b8b6b5d341cbe3d89b404a0ca1cac28786a6d593c9042a3194111256b3d684dfc46956aeb7eaf54ebb33ff6cfbe960d2834fbfbe711b5ad84b27cff7d7b65edcbb1e8f864766e66be81cc0783934a90c709f53620931b48d2921d8a1db6ed4cba561182e75668e2e2d551da7623b56925a4e05decc747da371fab466da99a84d173cbcb7e6f55d563533f43c4a9ac3b28268a6cb34b89483ded8266a67a60399ba01706b7abb838da71b8d4e1317915abd8cabff8cc57bb7f6b7f7564f1c45191ec3d8d9d86bcdcf4fc92c428a38427779ed9757a7a825a17d0684d60bd1b85ea1a4427867fcf8f67dbbe230582a978566553fd37cf1f0f9e5772ebffbe1bbebcf3653cd2f3732ee3dd1286ae2ef6eec7ee7071f86c48b4fe4d5f13c729e23174943a9060b89fa213e458242958c7933dcf1f4dc6be7ba739d617fc4d7e5f4a9a357ce5fb876fb56982425f45a730c25bc48502d94d8985f5c18f9e1475f7e1965c6c58bafceaf1cddfabbbf2959282ae1f9fd20c435f6d2ec8a91c6bdfeb6e70de13f4b598448e3ce8268cc9869c3b2a7e1740a055d122650ef439ea41f82ad7610252507feda1dc57edf1d776697ce1c3a73fff96d2ff2e1c01c6acfd7a2e8cb8ffeb33fedcf349b160e564ad06cf24e062b0de8ba49519bf7f18c7eabd76aed6a7518f8678f1e6dd46b669aa10114f4d2e5323c8ea1eb666aea4416d8166b7743f7a14dbbf4b4d6d0de9d3af5505de1549d60e2e5bc0acaaf427112ab8deaf2b143cd9976e03fcaf2c680311db8aaaeb59b046484781a211181562c705b0d232fbcecaf3eff9a68d6b6b405c50f2cbb12537724b2f8c7c30217e5e1ad4724bb2432e5472bd4d1862f8023fbeffecfff074a634ac1b8ad21962a9e243395fa8c3ffb4f3f83263c243d31be00bdddfe4ffee227324127862275aa944d289ceb3ffb522392c683c9e71f7d562a973d54f54866bbad76293dbb30bbb5d61aefeea25c3e1912209215ad7142483ed57a15be786d6b2bf1bdb3478f5f3c7baab574e8d2fa854f3efb0554f29e3708237f79e610543fa3d13e06f714193ec78e9ff8d61ffdfe918b97067b6e9d445623773aded91c6f6fa6fbbb613a241736645d4efd30f1a628f08e5b0dcf7507100b979b337112379cc67c73369c4cca96556d776d9b848a6d12d3c3e14b6aa54ca74ba4d819e3dda0e8a935dab55a69343ab4b2da2c9712c8aa6437c6dd66a9de50eac12253eba0e1f6081e001681e20d6351b75bc2bf152b00a2687f633f0c02463064995670a1d2288ad71fbd68cf76b79eacfba87b2da51d95c1ba31dceb775182b3babbbead07b37b9bdb9152d166731d7be508ee532185e1142315647c22336696ebacf15288854fb356175978ee34500c2a25f5a75496b00bc7569f5f88cd4904e3dfe903e38264d81f6bdbbf547d249b105a4ac98bb536523365d73629896f4a156d633c18a313028d24e02e0f365fb46d71a8d37ab0bd65920e3eefbd6db354ae54e0023ad52abc95a32b8b8bb31dd70b9e7e75b5b5b872a235d35b3efc746b0d3e59a7de86926a63eb31c44cf8b961e077daad0ffee887e7df791d5a031b7dd46a381999edce1f3e0c0730804c391a4d867026f7365f3cefeff706bd3d17facb38e094077d42b9241c61399969c421fc12a5217ae52406c1c52da8a4057bfa92c2074de008fa26d8f5d684dc088fcf7c9074bb33c678c87aca38828ca352adde3a7a84db29de677173e60e5c2674c865a51eae4a290c8d1166e06236d8ed2b18a342f11acc76c6bbf5e8e663cec5a408691157c5a441940402ddfcec3a096220101dc5e4c6d3e7779f906639652f6ae3ecfffe7ff91fe1cbef5cbbfef77ffe93c93834b2bce6a6f18c446db037183cd9afbcf1d2b77ff02d7847f7aedffce46f7e098d5126c585a4c007bccdb9c5d9b7be7de51ffed3cfc6b8ff2ee01a69d509653c144cdffec7df7874f7e9a33beb0cec5e3d3a7fe9cd0b9ffced67d3b19c31cacbc0568155f383df7a1bdad5deeefe671f7f39d89bc0e7595c995d5c5db8f3e50378d9c0f5c4a34770a48e2dcd7ffee88965c45098f3b22296a91f199a65a75a6f3406fd41a98296d66bcf9ff586d359b89733f3109020c784e8ea6042d4f4a7fee16347fef89fffc99997cfc3710abc783299fae39064b6ac46a3068d7aad569d5d403034c4ecf37e1805c104cedc78341e0d219c8f878318f70dac7187ef049299532ea571e04fc7115931e2ba11ae5814a0951006f904479cf00e129bdd332100d7aa9523478f77dacd78d0a3fd5e4a9e597ee3e469676939213a24a920a4f599caca8945b85ec3fdc9a8e7722728938cd21c53810813a253b56797667ccf1ff546de24e033ca8a1fdab10ba72d7ab18539ce34a41c8b94d725ea06317769165122ad03921ee57917e2d7ed8db52771609e3c77ead3fa2f46433fcb14213acd1465251f8cc0cf83af8470d3df19bcface6bb7bfb83e1e0fb2aca0539ee1cc7676b6fdd6fb6fdef8fcfab0e759b69a3363298a806fc408ccd4defed6bb90351ede7ac1da5ec74eaebcfece376e7f796bd873d1c8560d62d8cb737975e9e295574683bdb3975edadedefde2c7d7e19d9c3a77f4d2372eddbffe100bd63873a2d8dbdd371ab58a6d552d281a1d4e400941c9e0aec06f6caab51b8d86852206f6d2e27cd5a98ed0315d4cfd001ea1102e79e055ea95773e7cff77ffe8f7960f2f0761349d78a1874366ab598aa1180ba37e6f8062b60e769d0e690775507cbe3ebf3847226d0949b2e1e83e95185686be901414214448129155d30402f2d1ed27f086bd10ce9f3bc6f48bf3074cf776b97af9e55705ceed88af1043c5d713e54af3a5971244634b237a084ac72fae1c3ab64a76deeeb54fee2203cd60d98d4cab0729d6092ebe160fcf1d3b7f12fe73b0d3fbf2e36b49a202991cc762ce79e5375edb79bef3f8ee535c0c907f582a18c4817e60dda599a3674fdefee535e61c74e63b272f5f7874edee606fc0ba54ec8a6c6fad6d6e3cd9f8e6ecb7933896c0d83453dc4eee8269a6cc1a5b46361d4f76b7d7aefffcc6777efffbca003795b845b647b1ccfd9dfdbded1d2a4979bba0b047125c6a4cc6eefef6362bdab3a0cdced64e188e32a60b4b892fca9399e4f4a769f08b9ffce4fd0f3f54e233e9683876a71e3f78a5aa8dd9208ced89db804853ab3868a293d2e2888456686ece9452b852ee78843bb198e242e007ee64e2ba91692e1f5939f7f24b57de79fdc8c9e3e5b285c8d6c144583624659a5d196581a009f8b6085d2be1308d87c9d04429c332329b4bb4a0cc8c4a153791f46c13eb936f1e9b53e326a9cd13540d536387133e8baeeb21ab22f0b328802077ae7ba835db0e6edfa3258780231fb8d399f317eca5258894aa4bc367d8a939a3fd7d382b70f4d905416b52510654fa7eb2c4492bb5327c3d148ff5662b95763fa91684c18dbb9db5675bfdcd1e7b87d2165048b732ca59b556add969b1b00cdcc45a139ed91aab2992fa97c417d9a72fbcd46ccc766767aa8d7aba3549d9a68eb9cb229fa690ff3bea91847e30bf786ee5e4b05a8394e190969716b0907318e417b55b4ea522322529ab27f712676238956ab55e57637d842595cb35b833c641cb9594e2247a6a98d6ccec1ccb95738d013fa5527168219dc05d2e3915342828390bd51a317e1c3ff133a9572151ed9e074904a79d9e8b6b20f82584eb59adaf1e3bfff291c3874e9c3874f8f0fcd20c34495055c25f4f46d34ab552a9d53c37663a3f22bb70426ff15c3b21f604bc3d388e933182d594220149149381067f6c96f2a24f8a47968c59a5569ec5db4a091dca48acbd6257aa24f029aa811beeedba13b7444f17e46e14f4be702156737b9ee97093b9bfb5efd4abd067910e63614f5840ef48d532aa7ff637f7cd12fad8c61c62721c4ec6ef0492c084f8fd7a886632db884223da6b8ea71085d94bc39bb8491c4e47132395c630ccdbc38f7cf4f489a70f9e4cc69ecab65a9b4d53a9582b15873a776fdd7fe5bd572fbff9d6eed6e6b03f2dcaaea8f14b364188d2ba528bccd9b0ca6b1cb1fc505d054140c501aeeda6636f329e90354e26db07f607a300bfbf3b18f4fa6f7ef3033456f2430e9de8a9319a92cb208e0f2009220a40882654a0b52af3b1641824d09f1160cb87c54fa96cb5da73474f36e6175acbcbdd858566a7038107c35a041d71e679011455599cd65b753ef770df216c8c062eca779a784a6ab50a72bdcbd56ab5468ecc31eac710a186e0846af1abd0f7e4519c180acc1147f22136e5725cb02b40c6cc6dc81c583823300262249ee630366dd22a808071e2b8b5308f6b7e914baaa251529c1e397b1c5e70e3f1564c5a1b468e41950e32b9a235ced5d3955387e142ed6feea5a9b48ed5e10fe592aa4e6ba61d1104884fa65a381168de34ba7348ff4679155aff4063044f60e8055c0c666af825fef77ff1bf1924f745727cd243232f154d499563215092bacf9aad5ab55e8533e1914086aa2e551f4aed0bb2121082a698e0ca639c14a6f10fca5554ab87a7540e2b4c516f54a089c33bc4331c69d6c1a44fd19d6f77663a6118eeeff403e4bbe34b959c1206923082eb7f24e8f77ffe0b682537cba551bdf28d372eb99369e4e33001c20c8265a1509b9daf74e72a9d6e7d66b6d2a8a3408d60ff1b9c464206842f47b3b6382e57caf57a157be938f57db4087727f160cf53bd902c56913589280b877325f96366e4f42118d5ad283f99d4d836e4be8eae352ad4d0be3fdfe470f0964457c41a41e5670eae5ddbbff100de52d916861f2e7cf33d6b6e81999552322d4da0785839bab870681e7ebfb7d977278150b5beda552bf61cb321b2b4daaa1c3ab60cb16a6763a7b7d3c7fa81985c9a6707efeed0d1e5edb5dd980eb4290d830d695d2cb2f9430bf0c1b79f6df29cb6d1adcf2d2dac3d78ae075f128531c4a733464e1f093d1c14a5320abf4870b5c0d9c1147a570299d2b7a459c12a8edd61a8fe60c105616af01bcf6c1069982664fa4ac81a0628c7c964e812e397752b8c9c4cc27ba49de1f6fabe14b53349668cc4c671246861db9bce2f57e7e7a6dbdb0b2bcb8df99998142ce071ab2faf7467e7aab373b56eb75ca9c22186ca9df8c69641102ab464c2a55344eb36048b36bb6ddc74d2d63920440d79b1931170c0f035ccdb02b123c8f5846e01c29b640a2006c026deb2b0181c460994b1c72c91813792e46ee8c1cd11343c1484db41737f36e0c1081a8ec7f02bc22b33ab3c370b7583e4ee165c1de03a4347d9df794c2c2a53a3cd6421a8bd4bf8161033c81dba77afdea3d889ff879f26179cc65a0aaed593db4f11bc2b3da6b35c7c916ecef68b6da60e714932de1f0f7747d8d79b0712b45db14bdffced0fee5cbfb3b5b62be390a1dd92f210a5aa53a35a75befdbb1f76e6bb83fdfea7ffe5d37e6f622ae702a65bc0557aefbbef9cb97ca6bfdbfbe2a7579f3dda5010370e5828f379ece4ea9bdf7a1d5efbeef5fb77bf7c0037e5ed7ff4d6e1e3abc3c1e0973fbedadb1e99420337e43183dbf1fa6f5c8246efd1cde77026219abeff5befd41a8d178fd7aefef42b8858a354740eaf8e5f3c2b67496769214ee30674fe478e54bb5dbed8bc6e0b10804a8b4c1404e2f94646664d25f8684e15b9447cdf0237e0695f424adbe885d884b8421ac1448ec77e02ca7f2c84218db10eb4c9f27a10fdd0895c981a96aac39f0c8164c74e404613eb338be97e44bc84f367a16d1b79add97e7f6fdadff7bd89591265d371969610ca9525a270caf84c40e0995f9e998efc20888c83ff6492c75cc897226bcf359addba37f17bdbfd28922ee65abd1f0d2266e1d219e3e1340963fdc80b7948d25a03125a0d5d5fbd000a03bb6cd79b68e63a1d4d3329bb2cab4184adbcfeee9b93c964736d878f949404514b1db664d254f7f64cf7ca7b6f1b922cf57cf0d95da222665a0bbbe238afbdfb1a34da4baf5c8087e1f9a375456060ce367ee33bdf79ebd0f115782b33f3b30fae3f5e589a79ff7bef0f7bfbc7cf9c1ef6069ffcf5af98d35708aa7077ad6f7ef8f6b3a7eb0f6f3c856c73fccccab9cb17f67676def9f0edfb371fb923e87addb3df7a2f587b3e76c7dd9595d66cc76934512d96d6f641187b582ba4818f6c78293c81134692fd24ac0d0902e0a4d7f783048b334975a8d52ba6b0275190caca050707f80493750fa97922a384ddecb16762ef2642d34ab968211f17498b97100838f18908257a9e8234827453240923991742027c8fdfdb9becef8ffb7bd566d52cd5cb73f3520e321fdc4b944eb5e15cf9e0d283af1e3fbdbf25ac1c3ba6f5bb658746ffd96c575f7eff15a8c8e1535fffe9975b9bfbca0e50ca4e2c1d5b7ce38337e0f3ecbcd8f9eca3cf09dd94e738c8dd97dfbbd268b551f6f0e3cfa1623e71f9c2f2d1c3f0b70fbfbab5f6f03913e6e4c2d4f7fdedf52da861cd82629350e85b3efe7afc808f7514fb5329ffd29e6992207296473bd4064ba06afef41f7efad52fbec03a5a2b66e44873bcebb7aeddfae53ffc1cab341b051027e3e18f7ff4b77bdb6b16731d8528d06c0c8ef950768441c47f01d5d868d4fbf86f3e9e8cc6647d8213d1caeacaa93ffe43677e6e7675b9dc6c920f70e84dbde9d80d507852388ed36c35badd16fcda68d6d19d101a54b25de2a333c121ea1891e8589bc770a5aae8222310c513b33085c4ee2a4e34aa073828b1597590d984e7163e2b1431485ff27d4873d941d563a9ec2f72949e1434a37166827b97340a70b40bffa6f0a9c6e803d298e9c08fb05bcd72ab4d58b1bcc6928b4e326d5062525ab25a5ff25fe387a0c8059aafd347a8d62a852e5c5ef699a599ade79b77bfbe05315e23d3e4042d8533da68b65bf7bfbcc1833ab8509db9eed3dbf726a31142580c392493e912be08ead6b9c539d4794b8b8e632ccf9929069efc43126291c91bc263565c8df1072660d2cab1d546ad6d9549672192d459a1fa67f8dfd9f959c831f8b0e2f980f2df9a5f5e742a557844541b94495949c961cde89657b9718bc3d8712a734b734eb542334fe81945ad5a494f9daca3838b450358f45c8172b95ea92b3162d60627493ba434a12d7c8230b00491b8a65176a0bc3011036d5b95aa83da1634704a48b64cfa56b2ac5301474a7fc205b56d1768441c4130ece13ac8a0d58bf456630020fb4e93aa404cfac29cf510c69b50aa469c8feb96abb56abb1bfb7e657e211105789564f918d21b20c1ee78b03f2e387864c580979ba428293ffe63df0f8b3c118e0a8e53eeeff4848dfad452c94b69b62324b86cc35304ad15bcf3c0f5e101837732da1fcc1f3ee44edc827839917ae012debf7dcf2a09f295d54d6f5142414e4558c36332755f3c797eeae2297885ad8dbd0875344c294e88b360b4027d7cf7f13bdf7b174ef2bd1b370a48db4c5a6119c68b476b1ffef0bbe9c9e31bcf5fe052c80f867bbdf73efc4d24f0939c2e01015408a57b097761e3f956405b14b8091bcf76022f7aef3bef8f872374eea1afdedbdac3a2beda88687a8d3683251c93f29093af141c9af16842f8425eede3b0a782d48c90a02ec8d780e8a6072e42af8533dca052f387cd212b4bf13644092265acfca6793ea48e2e49de34b3863895e8d045aec8061bd151d2b6f9f260004639edc4105029217a11ba74784ff06db5c525d22336f4f09b673c3c3fe7950c918833b538d65d6ba6339d7c3284bcd750548dfae31cada8cf5a929d7df53ca4ef87d71e32d44342ede90ec2535d6d342f7ce30abc79a8719dba53a955cfbff9aa53ad869e9f4afd6ca552fbbffeb33f25d53c65d86e48b30d5110c89013087617a45bd2ea36e1b2f5f686c488e4049b2bbfdb25736e7116f715fbc3292ec572ad61ea7cb050812004bf85dc846315c368b66b330bddd08f067b437201cab48ca09c1ed1220fa7c951ca753ca2b6ea554885eec483928896eb18a2cf5e39dd5e9841981a8d1cf1c41806cab98764f1951a64f565d0bd8bd15c3e4dca258a5e25abd1aad141e1ab203488290a53771a857ee64fa54d0e0ba2b1d54426d517e4d0457b459aac79a0aa09895c96e31cedf8c53e0c6a9061ca73004f0e4e7d45d2bbf9e5747ba759ab99b633fff6373d3f96b26dead5e0f7103c4843ae52ad3bbe1729a74aad8f9767222139b9708fc4fca159b8a4a3de98e71709ef958c846799b56675e9f01234983bec9c6ab152a9b46a29d9e6d2f1154823e3fe68b0b30faf3eb7b2d0ee763dd7db79bec5db2399d0e13c28b9ca9452a921542a95bd481e7959aacf843b042dde888878a665167a1ca9a79a9139d2dad30d93896db41d32140220254c307cf6174f3770765a661298e8ef8d4783a9942c6587f92ca5d125e55fca4e818bc5386178f0ead2d5199448aa985335f931c470e63a4b661a91b835be5b979f2a62c9c1fb4fd9b29026b4904c1dcb2629f318dde53820d356915b28369ee11ac060003ac9e9a4b121e74685999925ccbccd978ad8242c652a6e8b2ead856ae3335ee2156a565d5fb37939ba31941d28f2ea0bcb091b47a4c8c99326e1e836463a67a605312cd89ff00551875bcfc672a612ffac20489e3fd8d0151d9d01a2971952586b04cdc6769fb4a84a2ca2c5c9818dfc20c63eb9f588253c51882ecdd61fbe584b9f618076ca42cbd8d247b2c3283a7e62f5e2eb673ff9bb4fbd6924930aed40852afc33b91d32584d4e6e8f842878c5e9dc0fe13e3b7a72f59ddffc061cc1170f1ffdf2a3afbc20c9549cc61911dd0ae828af7cf3f2a77f7715da08082c2fbd76ee8d6fbd09e1e4e6d5ebd77e7187e978e8a925a42d11fce8732f9fb42bce9dabf7a8c04aebadda9b1f5cf9f2936b43f4aa86da3c3c7ae6309ca4c1de68e9383e3a2115dd68094d451bb584f83620b655ebfa09c7672c44d56d1c6bb13e36c326f343a3fc6058f613de1062694c53954352282f66ff07b6b2279aa9506eacf49448172f390d4f52659c99c9e68f9f6db24fe0b51e71f812f814f04cc039b3db6d12a5e7812d0122b40a09d5a9955a1922716f67a8c6e9fad4caee5fe4f37f4c87ecbb41f8ae4486b12c93d6b6a671f8cc4abdd5980e269bcf36f9a3a3d9534ad45e925a5a3db512b821b1dff05e2c1e3915787e7fbbe78ebd5cd08ace0ad25a161616dfff47df6ab79b19cb3bd395576a054acb574af4b247b5921f97160a599a6f1cf05a9ebf74fedce54b672e5e7cfb3bdf6c77abca1a8b77fc0c244d0f1f5d7cef3bbfd19e6945515a2e5bef7fefed4eb7b97278e9d577ae50ee56b461595ce3cfbbf2f6a5b73e781d97e534e16a346bafbdf7327c3ccc83f4cfc52be72f7fe3f260b7ef8e5d3d4f8133115386853ed1a1a1806911f681c69e387df043fa6ea48864641d91a218a87caf861a37b0427b61d264e8728dbe170aa930a07f3ce8d821ab21ea11d1facc72437e00ced5684447126689bcb3a9227259127b4d91908f383362b0a1a8572bada60431646951ec1d6b3dbc2fd9f2d1f98baf9f964a2adad9472e8294d9a5be15442548d5ddcd52cd37c17f5addda9bdf79ebd25bafbcf59b6fc375969741ffd8d46876aaaffcc66bc7ce9de06b72e2f2e99397cf9f7bfdf2992b1769fac8eb54c9bac579e0ced66e6fb787a67c9984b46983d6fcec2bd2792eaba6e53bf2bf162cb0c8e2ca4661a7213dd2e48be0cbee6ef7077df8a1111e9acc808bffe0cbafe121995d5ea239bc12a2141a339ced6defaf34ea5adc7f329e6eaeefa230b36144880230f7b6f71add7614447b6bbb275e3a3e857a31494de46f5b7c52c9090b7f3a32c7e358cdbd24b9dec814a489dbc74c99600833814a90cd650a9141da3449a324a1e711aacf2165e344d660d85eb2b37c2ad5f558735efa1664d23053b6e93c8d8b71c5157881e33809f9cd10484b28f51a757d246282fa44d727a345152545616ea489fef93c432641751d32ed40586b54a811c15062a313928ab6ec368b4a66d89ea3aa301dba52b9bc76ef113c4fb57a431ab0e4b61f86cdd2cead76bbd6a867463f8fb0b8ba3e28bd5150e8d14b816215a1341632525590b52e9731462ad7ddbc18e04f55ada1f73a8710b8894bab2bf0885ba5b28a8fcc074cb9514a511da4d66a3721554541484e9ff6c2f27cad594fb31dc6dbb5daadf62c92f487bbfdd05bb6a94e624e792a4f10db28e188df46e6b4cd9b57c6d929d328c112e93c40c90a927c784da47c913436445a6759ba1daa03981af943282b702c74e2349752673102de04eb99966cfaf000428f18f8a8af461a9d22e88f16668fa5910f576c3209a99fc8b91399028a4150e76421cc1cd69ff32ee53a5a99a967863a5799363423ab17ca00b58a9e339839294d28139f9406d1e5c910da52ace69d8a33ed8f1bedf6a43762c5477e752eb71065b2b7bf7fefc65ddf0f13b5e4521b1079764c49da56b61cc80dcc54dd20941a0cbe43c673ae3d5bf7a653e8698783a1eb0664bc68cabb28a4a635c4b0dded6df82ba7828ad64f1e3c7eefbb1fc025ba73ed265c2c1e4bf38de43b023f62d81fec6c6e576b15383c98e6bcf0feb50750e673fe85b7f8ece18be6de10d28c3b72e320aed5abaaf9954c2f935a63b9df35849e6eeba9af5a5da4f2a6f3e12c32ebf1bddb7a49ceab0256d496468349a61425c882896c4075e92acf175f5e4b68d755396b14b2edcf5883109242d9aecd2d0ef7f7a7fb83c6c242a5ce413d2581590ca4fcc2f094961dc71dfba147b6d2b1bcccbabbcc69dbf27f53968160eb4f6d2a85ad1a9d3e6f1a2080cab446fdc1743c4d49ca9b25e8f82d430f0bd71f5a7b280922239e8ea64750c237db7aba4e6cbc843b4869a9f9a7ffc39fd22c8e2def32de06b025678976d565a744034f292d4f9b9960b03f8aa57f8ed05608d80b91a03d5cc999f98e53ab8c07a3c9d085c7a2d9aa27e4788ddd48c9ae542b740912427b2241a754321bed067c18a866105d83d8cd8c2d1a78b587a57d101243c69a8c10e915109695cb0b3f084a843641d9155a2c9e7bf5ccd2d145c835166da812e551a26c8b4c218a0349955152b2f1a2e293733d8a7dc629b4449e0bd1254d23b2c6a06804a7c45643f62c2fb133bda9e0432659392a7cf1439b53c615b840bf0c264a9c0b26081db0cc787b63f0f55538d8b5b9d9e6c9b37e6ca512b526832dfcc0e964da68d6f976a8be553dffb9cab591af51d82b2a9585328777fec88204bfe17bbbf32d081393c178329ab081a2c4599b320621731bcd49f1af2af54ab3d382db311e4e388fd19327a9a098ad4ab6a8a2188b15fac86c60758934c2561fde091ec1e1441500f945b1595f4f390ea9691a3ece50bf6caeed72490befcaf7c2fefe28f78452a0be84386094f2197b82cb65f4de1272aac460811c748713f9124e1f524307391eaf94a8c52b5791b718f9388b854fbb2c9658b20a01ab3416d171da34f36ae5c0dad8d44d98ca7594b273a415d76cd48b222c42282d37d5c0b193935c1073b349a51b52b4d9e1c324b24866d3992b10ffe58c8d9217dc0602a1e3d92ba3870d7c75e4fba994eb36457e4af11f68684891d9e4211f5f39f982596e4f9bbb934afb58e966c70af0a801427413bedafd9d91618ce8c822b697782decb7ce7c22237403a4e923620bd5acf636764d9e68e0222ecbc77210f9e17e5cba74f6377fff437828af5ffdeab31f5f75a731abd11fd846e4b04aa3207cafaebdc6a76532cd64ea47c8bd5a61ddcd37182efac52b672182ddbe7a870c850dc86e6f7df8c6979f5c1b0f261a5dca2539bc42b96cffce1f7f7fe9f0a1fd9dfdbff9b3bf1bf74664682f195ed84537ab3ffc937f526f54d79eac7ff41f7e8c60a488e199e4d167e6ae8907c04c07e7534a9b412a2e2b0498acc9e0b94a054b939ae41e61aa6f51559890874c09daa8ab44a6195c5c8b94d6779641500ef25e51535cf9be2c7cde78cc0b3fc0ee769ca543b1ef39cb87a38440fdccda2d6c96e0c50f1d5b78e98d73f0dff7af3dd959dfb7d85727578dd2ce8e12ef2f65e755e1af584078ee4c23cbaf4652b897f83908e22f10afbc746c79b08316a55994952bf689b327f736f6d047cb48b99b55dc900c77fe474f1c3f74f4d8c2a1c3afbffb76bbd32c6cc425864e1b2fa81e18dfaaf643649959e9dd97aa6947b1212ee83114943eb22bd0217ff03a0bd9c339e8745bdffafe070b87e6a57a9bc84f2624fed9f99953174e3ebdfff8c4b9e3330bdd44f26a72898776b70501ebeb4fbf3e73e954ad510d823040c9479c1e18429dd782cb4cae1143a4995451c2a4ee1ba2dc4cd7c72915cecc4a96439869dc3e2250d164c897d08a3afc4858045e91334a9b04124b685a82ba80241e55466d451c415b6c4497a911af92a750ca398c83c1fb5a2eb7cebdd4387bd9a877354d35cb1740f2129cbc78142e0bfcbbb43a6f143472547ee4f3931af934e9a0e2886cb670e0afe71ab268938ed1b9e00994014ecd79f99b57a010829a78d0eb972ba50bdf78b9d56d6be993e2ddb64962ca35140e1de2619a6a9db22c9729d01b3aedba2d724edf8158f75fedfc25564e0f3964d23176b776565b47583204453da76e7f6f5f96106a2450ec707b7bfdcf3efe6cf1c832ef83f38b4c851d7cf6f5a7ebf76f3ebcf8fa05b42defb482209a8ca7d08acda0179025f243257fcde51094f0336b4186118e67a13ac40059abd25a4290d6709451a656b454419278bc7fc23396a8dc29250419682c7b26c394d884fc7cb0d80c7c696c9033a1a114bdb08c308d38114a6f0705323907ca9936fd8f290ae74cfec366ab52344e14442f8a3c0c7d83536513c0ff91e607444be1f10cc964ec094978e2dea552825800252fb77aa820e9873e5260e4ab71db018110c77ff067d03ef0fb73aa55243427a9b23dcc0e968e8ae39eb1c2bddeb61e50be2a0200b28348cbe2a60a7e46a5ecd4eb75b60ee5bf6cb41a958a936a8e7d2eef814f5677b6fbc6fb6f2e2c2de07c32d5923f2a65a4e999cb67a0564544896dd5db2d78ec6dc72125a1cc46108779c0553ed304eb94eb49784b88c908220f77a161a96441bf827830fa8e92633935918ce34c654f1e6ea1c253aa345405e31185749e92006c2353551073bde5d6cee463ce768526baa990b45646f608122f61e60ebab22491903c91695b1f296a227b587c1d6e992515f2c014ea008e312b8aa7c8eb290a9676fa6b70cc29e87c09d9ddb6e7ba25c781560c893655a752af969c323c965aca40cb1e94b0ba34c4d3672f76d6371bedd6cee6466f6f984ab38bb4f0c6f4fa5e13dcd44ebea05a9aff7f96fd3a2cb32072cc8f171a8b3c7d61371ccdc0f3a6fecd5fdd427c98d69796c3432c507a3bfdbb5fdd3d79e6e4fae31748ebcb45c0f135e1a3421f74e7ea9dd985d98fffea67d3e174e9484990559ea0869e34e225879a401992db42ac5b238a90db12f808e2223bfab456775a2dd2b0254d3cd6422f39c272d3342da04c89e167a09f13993a51a1ab976e3220a4123ec5105cc3344521650b9ca2a6e4fc279028809a3d6610a2552581ddd1ec493fccb44e2575404b074b36a22fad3dda34b1ff49b65fec49e9cb2c2b1606f9094b3305213d302453f4a24c147ae55f13a6955261460635f1dac3e7c871a27b3519ba9b4fd6032f640b1821f28e0a214bfff37ff72fe07b70e3527182c0f7a681561b109961143ca0e46657fd234b726931ab4174858e591e94dc8d4bb9f7f1636c322bcb22df716e0758a9807b461e13e8ebc562fae8b94066302cbfce1503e3f5509333201b510826a5d2b9372f99950ae3f84b65abd9ac9805a82d8fd6e0f3bb5e884e0fb459628fd9aa53aed4caacec9aa5aa0845bcab9d4462320863442a1b12ad992909183a1085d1a706c5655a5bbed8d22a10115729f2ebca5507154851f43f64c7065c5e4221e67ad3817af64cae18d9af4e5e61143bb14bb2df94000d51005eeb27fc807a14b5448c63e3422b16b291ca856a744fca5279427af8c9b88a2453f941998f691a856bacfe27b309d9886cdbf1d82d50ac0ced49a14ac3fc6de7c824b5053b1088d3623f931a39ed9292a6d44d3788b54734210588832f80a300591c11517298232c25f482c9b45d6b751a3e82cfc685388abf657daf52d92e55caa86923071516be1b8865fc20d08789917d14ba2e3c505118a1d705b4e1c4c5b5d18a0dd1448c683154ab48580cf93be67ce7493c21fb20baf0ccac9690a84c913b84763542e88072c3ccf2f8ce836e195592d4b0096d86a23399ba0782cb6e5144e9e74d3d0ef6c23082d3a9d36a9aeb4b14b38a361a94f587918b1da6b432e3f89e0adde2a96a08b10a665ad8f119ecd690491ab6c237a9fa589b09b3828f2d0391025d679a307a6088548c4e0a945728988c5f5b40e59993050fe4a457bb2493486172ecc4916ffdeebb7ff9af7e34e8bb884ab5cd3ffc931f6c3c79fee31f7d864fb7c4b5091636abd5cabff7273f5c585df25dff47fffa2f9edd5f37f41088caa9344b5a739ddffd6f7fe7affeef1f0d0763be01d8eed1c211a59d82048a62f4b6c6695ca95675d0c7c534b3421fcd0b47e46626786ac8d792a6671420194e853e208904a32b9886c66931c8225158a954d2150d4d1057e3005a59a96824d19cf8837142218850286f6196375dd23241ee9494152cf2e0697e2c4170c2d0fdd2afdf192d395df45c4a33bd5f125a3f27ef0e544d9229c4211dbecbefbe3ada1b3ebcf1001e4d38a0675f3d0761ecced55b16adf345a6bcfa0c63e5e48a9d2a1549a2b2696ca4145d917b536a9d14de522166f3f790a92bacf6688622aa8842dd26721201e3aa1616674fbd74b1d3f9c9683085d76f366b474e1c23419ecf639632d7759930e6163a4babcb90b3eacdd2e98bc75f3cdad09008d92840696f9bad6ed3766c92158a6c69349fc05784349b762ae58e53969512fdc33c55f97c32185f1e6cbc67718a4ae656d1d24fe8518ce051aaeef67503adbbf1443ee8dc9ce55e0d42e416f772292a3776c8f3b379c7cef2eb06412cd27c1469ca4d6e1eab524d1dd0f0039157cc399e2ccbb9f94ab327fbb5594096ef39f3f8a7a966928c46ab9deee27ce88699f2789c5d994ffc3807d76af4449ab667676c65005bc87942e44025e69f333443c80344fe7c86c2f4e92ba7d6e646716d9e6960ad86d87278822aca9f4ee2d0ab544abcaf809331ec0fd0eb1a5aad38d31b171651aad72aba826db61b1084c23035849e371a243a14934110530b4d043112908b30cf59bd8e9a0628769d28d49c34114da49c52c6cb78299d2b7f0f6f857c7a25b8a0389796a1d620a90e2d029efdff8cb20c06a94b644726cd6b335d3b09e51f8d7001df67836ca15030044b91d9938f57c63e03b8ffb40a03430399a6566153691ca8fa0f0c26f4e44b41b6740e2df00132a330bee2e7c7c4520ce7c593fec8a00445d5b33de8f70ca5c35a90a640e61f977085f49c490195d450f33acd88490ba8ec033519bd63d5a514a5baf55d919a36da5982ae52a3d5b4cbf5d985aea95ccc6b8d3a1c7ccdbe528af372266058963612d66f2a071920cf51546b559e75b147b8a16300b960737944e426142ca60154cc125f24be420210eac192e6bb64fc6b14ea0e45dace24144c08bda7d283c8bcfc676f528c4709e99d48c1e942a79429d746832397cd92dd6a8d4e0e81697147acee8a8caa5287471d19c92748a5a2d4c193a4ff2391eb4a7d42d5bc5c7d83162f2e8e0b320e4750bad65b4da4ff28c9d546bb0165b13c3ccab8097f9b105ee38d8bafeb8faaa5d2549da1a09ba2881731a8f865c9ad3497b13dc08c511c0715c384c8d1edf018942c9428839f5eab3b4fef3d1df4c644dfb1205bec6cee3e7df882762da66ec7a81a379aad0a7cd5b8dfbff9c5cd9dcd5ea23190f47cc35f41247b78eb717fbf0f7f3cb7bc082d22893ae3ed839fe53825ca8f99d04b64751b72136c1690e099bf8cbb8255e9d1422b82b49be8c992768539b8ec54f56b660875ecb4b24191804d079316f6286543ce7cd43e57e06da311078128314ee03d095c8f9ecd7cfaa137ec685b493a2e7a54641c407317cea591e5e2d6692e71ce29592b64e7f137176ac568cd079f0035e970a737dc1f301207cd0cf7fabded7d293121847e1ae0afa6a389f89f7eff9fabca4063940aeaef1a29a2989fc8b3a582997c4913751745bedacc87af99c8bd51e5d403a74db6e994ac2af31d4d8ca2082345d0bd80be0f8390856614167d31bf34fcc6a9487526e8a47c5a81c7511a93572f059b98c53ba1f7449de6243d71f9c2ccca21dff3a8d3361acd32e465cc8c3cd8977050c4d2e9732657fe07579912d243cbe1c04ba6e30891880971d848164b76a36c0698b03e54a680618505074f6d24955cb2030c69c66750a32d9343a55a415fcee1d4243b3d78af65cbec6feec588113773f8bf294d26a713d720b1b4c27516da07b7005dccf14c72bd28d7477280c108a59c6b9e69ade0945039026e7b0925484da78aea967162a09a960215f3e65c976442494ae3769f990c26eb95492f6d55ae7201ace992428239f36498ead634cd158ca55a69c6427ae641b032ee4b2c0bae48a7dbb8fcc6f9b9a5f9c0736f7d7ee3d9f3be4f173135d84c47e8dc2b552693c077237ed0788e26c37a263d40315d3ad6cbdfb8f4f4c1f3c97082e2f88c7ecdd24ad55232ca9a557be05d69d49aee9e8bf580d4224de4a7d5aa973499e4cf2e4111e40a97a9badb38488267fcade0b5aec1105df66e2c596c12c169d48767284ad0d30cc7665612a2003b5f4c911515c9338da546ea0d1e79d46821d86a2a4ca1ab2fa1e628aa9849390c6be4bcde910b436e8e0ef034d50e0d7278bb593e7ef1d8c2b163f0b59b8f5f3cbef3d4f70278b22c320055902f830b78bd5eb1b53512c7c58c255e85de2d101c5402a7e5972974afae82b3026bc0f835de4d11440b670395bdcae546bd7efafce9d7bffb213f65d56a69efcf3e0e2282d8670565b28cc942d8f79111b294b161444d6aa8a2917e3884a48599e61ffcb3dffb97ffc7bf19ec0f27c33144351c9d23941df1d3cd8663b35e0b254259b5a74281660c431442b162f52bf66c966358d56aefe0504a397e16962405d6904126acbaba11dcc4da3c6143a65e46d01efc328cea043d45b595088d9fbcc12444fb419e8f9064a50224f231b1727c0c9e1d2617094d9b2d2c898a2bcc03dd809438c30f64ca4e9a51f399a114a26ddb6a776babe7ced895167ce391b395ddb55d14164992ac389093466742373e767e510f8eb9d4d42d1f5de71a3ffa8c65725c93e9fb9373627218a61079638be9b25c6eb59b738796741c6fcfcdd56ae5fe24c4ae5fcd83d4c601475c99f49666ac3c12630b8b4bae7ff1c521688f86c394803dd3e130f47cf85a78d45237f35cd16c3aa8ea86da0531398bab7ca32a76f939f1c134856691f2f686bd9890702bb3552a054f335168e51415aca87024e7d5c4b43359398b35d5e8d030a0db60fe374924a508b5401887c99c9d70ea05538fee9ac9c3166a66d9c659d2a80a633151985de4b9e5d71697d9018b927c906714a64ec585a9d2ff4719685392e499b62e34263bef0f8aa428fa3f9b4b3f0538547dbb38007f501354fcd5caa4284baa14200b1dbb74512d60b544410b4d0edf687b639b05542aa9ab5af98859aa9248e237cfa159ff58d0503427d4e73640b29faad56b26017aa3201cefec4229673ac8233750cd3aae542001999c2922d4f8c4351472b7e5a9522e1909030ee49693f57614f320473e72e6c48a0d811407ee0d2fa7930c9139284e40d6731c8a98bf223ba1027d85b464b1c0814f05a527e29d4c11b99e3b186732656b7529b5eb130afb2e44d1d63233748193239a323dbe57312d93a0acbcb53484628ae4f3770264231b12c1baf0eef4214349a3204c74f1a04f599a15c45b49d3202db421ac086ae49b57a166ad426ffc157395294f698e583ae0a9ae678054851872e2cf0f35498f67dab998a50342f28a535d360d9f488b9f3e40083746e61d458590989702640afe0af2e3a33b8fddf19473556f730b5ef6f085e3cba70e67244f0c5fc0637e966d8a6df44f61fb5fd5541a2cabc94f1d63d16826924ad46196af4814ddcc6076969999725c8b33d594f4eb5036489052103f2d899c1ae4f38de21543bf559c7d61fe86331e4c7db73f4ed03f55152c14f80a95bca1c5cd584743ee1944a6eb6e191df205a1a153672ae1d76a0ea56a350688a31a12a33ea952838e094ed4f6e6a0b7b133b37408d57e9e6fbaae872b94bc752d8aef683d04c3ba72f6d583a089229f2293d56921119053238a6ed2b93e60b6250ef665c681c02d34c698ec4e4bd4b54459120df7f66e7e7eedd9e32d2f0863359380cb5c43b156f4130ed9925ed5ece42089e720a1418f366821c5a1e4fae737272397b73d1018e088fa13b7daae571a55f8c604ad7ad8e4827b4cd96c5b041c862f0e9136804a2df44389544de717c5cc22ec67192f9cd29e2096bc49f93604493d1075058564e0cd2b7f2783477244304eb322264f2755230d029f8b57eca94d9184f1a83708dd40184518d58166859f8720082c96fe97f5b0d01bee7c81548098aa8733d5e3b32cd53053f5ae087c9b0f81d540328ad2bdf59dfdf5cd17f79fac3fdd44f2116dd8b303a6cf0784d3e03bed2465c81fc3614c3dae575db8c8a43da626d34b545972102392ca9da47687e5bd9062cb4b9e3574fe66e0fba3c110bab5dece0efc99ef7a53e805bd80e8ae72148fb603e80788824d1189820a15534de541acc755226747882ca718c937e24ddcc7bfba7ff2b5b3ad9916040928c84cd2a5462a3b13b1223c9d56c920086b39932c12197550452a66915f4d68106aee60717466ca386be496cab6034959ea45664a25374b5518d33a3cf8014c298e1b208a37b62c5923c6613c198cfda967f2cfd50d9499effab465a95c50e368113b431ed252059b194584793efae2c1ba0e5e12c9acb0007451c348e869a722db2602894983fe648c8fb19993840b7bad7cc9aaace050f54dd988b1324cfeae325dbd1aba421296c20ce4161659612325b9c10653bb52361655e36dd6188f93183578262ef450282189dec8189162625aa85c89e909a9d689645c66d234cad07821594de41344fd2c48c268aecb27c474347978f5ee9937ceb7bb8d84fc796dde7cab67868665298a3850849552d49436110e34f675c7a3298879c3ce923038de43356e52f392d32fbadc4c5dcb14595c4de1d38cf9bd82c46022b4ca93630ef82b77ec92edb7c8d595e4529cca848cd1ef5c251b724a971a724ccf4d93691879eb76b099d3c6a5a9ca9832e1a58ace2d8faf71b05f341259fba296a86c9c0d3e3f59aeb8a15b31fd74100ac3506358b69497681d511ce80929b24333524802717ebdf48838956d27b3606988c4e33778cc1315f0620c454990413e8a65932143b9363253d7859ac43433f21a88053244a677f98ad16ca40556be710038ca5a4270cea68faf3d38f9d28976a70931036ea953294b696cde5e40c22588b31cabf288c344ba47a55676a7a145205852b9cfd4639371fa46e5c17289b552f3adb32241937c509ac37532f9bc516b0b850eaa3ab2c23e47683861e3de587a64cb1c52b043a2d329b7495248061f87040dd28456e7a2d25a48f97e91efa4f8a2702ccc4b60e97b2d11cb062dfd8ad07721299ed29b44290a093548cbcd01146e867508249ac0ba7ceab27100749ee54bb54ca540b5e1af54ca73f3dd4eb76d0acb8574465ae2a9165c501e5e1a11601c5cd2eaa24d163234dea4b5a14eeb4611f3269f2e353467c211eda3d0bf13652512c9e120018134a74817b629aac135bd8937ea8debad5aa5e660459f19aaa9449f000c9b8614e72e023be165292db21c81992452e92ca16524519850d3df2ed93abe4b309684684b53842c1f5fa73440a1131660f58725365a11a08671e407a3de90b4140fc0280ac80543e18605915a50a60fcd0ce3c27ecfc8c707ea18e9eaded0f3d7a2fcbbcc0b86a181150731416a40235b5055d8a5526e4ce62f657ca482bdfc3f9b36214221520ce574a96dc458c62263bb37289bc61317aa250ffa343f904743a561939a711a2de6729506fbc2d1632a93370d9d14164b6ddbd466538d2fe4f04eeffe68342bdf89651a6c96277b67b2a82e8e18f38846b63906733d84180dc6f7af3d3afd32c633f46687c7a6ea08537bec60d92e78daa015c5a41050d9cfa0c8cda4ea0eb526662279ba5cd7d3e7c9f2eda4acb873f7ef84eb68c11b0bec25439255436628eec42d2c11a663548c4de596522b01b2c45d46a117e708aa0e6349408210f29d37a5a0492e98a9a6f6993a411ad2affbf33437bc5140af4c33cf4d462129342b5c50b655133911b728219a6f78a8d2a7beeafcf10b1ac39a6930869ea9c88892694bf018457e433f407d1a8574ca54d6940224992e2ab31cb4a456e9b253212480fa56f5bca58571bffef89a9ecac589e3d84ed9860b0def218a53164cc80e2e84f574913993a98acef022beeb8ffa9326f49b35c7f7025a2659ecf25544939ba28837219545ca95d2c98758ef48ba419fc70421b698f20c9d6da58a9682046634c88d4917dd264536b4d10b23c3945d1e0a1c27e964e3b1f0864eb5861af0f281cc7110054f0e791351e9dd96e57210c63959528ff8d30304b534d76832e48c53e914b0c28f1685ccdb02adc999c3208ae14df736fa1b0a54277586ad0bc72e1ab9e978a6d44dd2b4a07b2b2b4129d740922a31ae96931c4792e992f6c0e7ccc377e1cff527548cc522dea4208874a07b65a00e3a26b7eb9d6e0b6eb13bc59e8c5da7f83470a85027dfc8b4c76ce11de1fdf082c1de08f366bde24e7dc22f18aa51a2839219d9417a26e546dca073fa635c821634ca0a940d2e570a6a2398cab1418e31632061133bdc8865a34c6c2c427c03c29cac3f993cbb6b61e16738f5a61f2445986a6ec791137b44c9128e030d3114d69079a334d53bee03fba2ac38284d7322ac5c9027997c52d5cd289c0fa330d32bf891286c66f1f6e6a3ac349f67f04fb3d9592a53092e910567261190225f14e1bc3a624d23c1475f8ea9b49494c2422bdc62aaa10842ebd863f44d79adc7e6ad2295220b08b9a677a379107a97c8fb003a4d2634a1ae1b4ea79e8f2e0fb10e90c48b4c141b4f9a55e5ce20ba24a0f9f074ecddf9fae199cbc7dbddce6830aad66af965a5271acb044b62f4390732eac2e44129a918137f4024b935ae4277c9cfcc2480045d28a81f2b9771cc0a8506a54e94f0f47d38e29661da93ad17c307d7e115a3c08bf6829669cecd2feeed4c71fe67b1bf67aa1455c919d3602e0c12e96a4e455a40c60510a9ba7e229fbe67aa8e501cc63495d39584443c650c929599d69430b28437d6862ef38534cf543e8205006d5ecc7243492e71aa2693ed31e916652c1140feea398e2041355ec995483359610823d75ba4b17eaae397ca387417d8118c0c83e419534e38a4cb41a829534f467ecdd6408a78a1875218eced0d06fd098e428288ab6fbc321143af4c2dbf93ef5ef3f32a981f09d50ff462376e7d7da89954edb38653198dc6954ac526162a157ff81e2c097ab1589383f45362d425542011a1103c08f0962d884daa33fc6150a985361919695ee204dbf33cc400e31723e7803a5f7bb4f96278ef6a1ae2a63570a7f087bd178f678cf4d0a1e5ededc9d40da16f8d50ac5e0db48918053f251099e77a237b6297caf083f49abae8237140df59a8a64ed3c375cd9fca4da1217d2df35b80b0577ce464e7a21e580d1154e8b0825a4abe2ca2d7b4ceac9ccd6dc1349692c75a3a671939979d35c393544d59b42c9361e8da4c2395d4ac585661fc05b49f91790d0f89f28ce5172581561926534999a7dad31411fdc3103f280983902319eb3fa69cbd731abe72084dd5501e7104e532dc3038c3bffcfab3378ecf1d6938a3ed0dbb3b97d936e23c71f36ef19e54077f93295572a2cc0fbe91261af1a0b8fcaa6a2e2a9d44213ca7f0da5609c57ff084f18d419564c42ec470f4bcfd9dc19dcf233c5b42a25a137447f42713384cf34b332f76b61ebd589bedce9a4ad04b2df64df8762c0751ba0467f1999c3c99924fc24ca7dc4984318f4ab324c7330a559da1ed01baaa157436e5ddd48897b4e809961516a31a942814e82607aada318fe2a5569bd04c8783df6e588a26c1c3212580a1d8116aa99891f22543d4a96132c9ce2a37491534d193853c5b3ed39cc732ad9cf5952fc84d5e48c1b90c02b9214e92909c8e32d6d5d2c33f3cfa6a6a950730fa4ab2faaa8ca01673dd7abdf1f4f9e36a3a3dbf3833190f933018def8bc7aeed572b531194fabb56a997475658d0ccf71c4ce434aca5968740853840e88b3c63ca6642836d539e5b26d603f18e3bc278e1da7ecba3e8e99e12b6dcbefef8d6e5f8dfd29017e125effc4f488419bb0fbf471e07a67571776f7d73efdead3b75ef94644ca094c6da14366c551582e979271aa487fb98608650433cf7d9972b03732c52f97d12c42ff26bfdd6d9fba74a2dd6d3d7ff062dc1bf99e272972a97e8055ae34a46e8d566a2a32f6f4aa83962226320de1d5a57643de3468729f567e97646b85e73258f48b48f908dda942aeb1ed46a35ea93a65c7a9541cf865fde9dac3070fe324eacc749d72f9f21b974e9d3b15fa617fbf1f910303dc746feaef6ced6cbc58f7a3903765122e84aaa03614c5ca8e018a5c8b5719acb8ae44bb1316e994499cd44a5585449db730aab5e63413c32098b85ea9e4d4aad5adcd176fad36d2c88790015f900c7bd1e3dba50bafc3e3ea22d43121f93493c09f5051e32c1e8beb9c9b261b67ddcd2abeaa0aca8914443249eb8fd303247a08a353487e212a83c2df25fdbde983af2377cc5209b29d945ec3a8fd4eea6b59e479af1c3af4670f3efdd957bf3c7168753c1dc2f92b65d96438c8e2107e32149448002659350e3cb2e1c0b1ad5144ce33be5363b3e580899ea6c0f75add8eb0c6f34bf30fee3e1cee0de9a7273c07202261aadc220c25039083078b8b1fd6d8e53ad226dd197bd0df2ea2a70f7a22723011a928727a73bb382131fb165b21d3ea9c452e7176e34dbdc9648a8594879ef6a3c1ce8d2fbe404353cf47ed6772ed435352748a0ce9d2189c3d25a52233caf40f424aa2481479335aaa4a5783421402a14157475865a754ad3defed3edfd96a36baf038a079970fb7d9afd9ed280c28a163f51eee6d44d73f734e5cb02a358f3485111b5e2e1b6422e9bb013d4d42e46ab1aa449673ef9c2fc64b730eeaa6d48ccbe0fdc32541cd621775218565a7c3fde9a31bb13735f03447528653de200c6318aa7d1f6b02df33f7cb50813e7978d7f58385c5658fecf1e69756ab6636dc5c874e82d5333229488ec698f87859397b4c96e3a2c07754232a0e3fe8a69d66d73ebb06b711820254a8685089265448c981606456a80f42262a56ed6c6240141ba1548212a55e9da81590ac966c7e15a320b6a39b7721c1834601426db04c21a9561a8c48816b12a1a3bb941f574d6e669be46085163398937b7bfdfd9d7d7a6f781c8502f1c19fc02754c6391270cefbb45ab576ecc4d14baf5d9a0e273ffdfb9f7a9ecbddbe649c4bfb0f43eef833e9800e7f58efcc96bb0b893037375fdc7972b5d39e0b430f2ddb5368e58c28898462d2ea3b20863be1fda872fe8a51aad0a98e2ae81a5736287006507d574bd9016daca20060615c802d221e91125b140811d2d6087e811396121e2bd9dff69edfe34a1f9b4f7ad824e58cc333c725dc12fa442710c3c9c80fc217eb4f06a361a552834b37f502888f47da9d8669c2a78393da69d5d114cc0b21230b298b985bca14d883da83d4ccb91c94fe2a6507b175a8f388a1d141de80a1e6322619b208c85aa7cf9f3a72e2c864e4deb97e67329e686037bf0857ecd8414ae976929e10aa04fb753cc90175dd9cc64587acc033d1bfd0ae40ef204c257d2177a3cabd175731c40b42c0027c0ce8f5a80282daa264db641fe9c13d2e95308c0d7b83cf7ffacb244aca50e5d69b5cd76642c951d1fdb629e29bf882954ab363d5da9bfbfbcf9e3e9b995b78f6e2293647d6ff47d7973c59929c79b97bc4db73a9adbbd5dd6a8d464bcb348ccc6631036cc470e2c2dfc4890b27ae5cb871c68023180666d8800da09991a667a4deaaaa6bcfacdcdecbb7c68b1711ee7cabbb4756d192b54a59992fdf8bf0f8d6df32d81f76f093505db0073914b8d8995b1305ecd01569b7acbff9cde8b39fbad3476d83d251441846ef9196d6f7706ee86412a193e404fa5200c4c96df13b1c6da25afa874100c818a387f070f6a23e7fe6db06ee09fe0dce1b5b7a660a560b20ee5c721c428dcc7db3aa76f0f8ecebca87f9edea061fd4e1703a9e7d7173f30f7efcf9f8e8dea71f3ef867fffc1ffde4e73f82dffecd17dffed7fff0dfaeafe7a50a1945e7944c43c025f0a594915c2863df03a702ca532eaa9862031d1329fda286eb66bd7bfaf573f844474747f7efdf47133e34610e10ff20a9c11538e8a8de9346760959413b01cd4136c2d3751b15758fd23b2e592ccb199b3b39929b67910a7dadeeb9962a894f08ef836d958f8e8fa6b319bc269c2a386647b3191473fbfd7e31bf592e16700f4693e9703886b7fa839f7ff2e90f3f819470fefafcf9b7cf6faee78d97f1058b028d67a77e30ed86936d397afaf5e3cd76fdbd8f3fd96c378be5159c30f8d44617133c73d990b056881c7488855d877ccff5bcfee6d7c31fffa17df031e3282753780ad0d97eb386ac848353c261e336ba1c0c98d3163129c8b982fe9f043e0e1de294e8616ec8fd0931e3f5f98b66fe96a0138e3434f9731080d6c84c14b746aceac04f67f0f36abf81e4ee5010600f5d022b9c6fbc397e0827fa7ffcea2f1edeff080ae26717f39f7dfee31ffcde4727a3f2f4d1c3f56e77efde896fe0b3dbed66cb87098e0e9689bc6fc9944d45989c0e5964d6f0c8800dd2c97a0c61fef07ee7d77391fa43d0aff80de0ccf970e084da11cf149f37baec78bf4917b05023591359623eed4a5d463e569abd124e484394495a962b33d5ea4d42f3e80ec93a85840f2459dfd040b1d6d6ec9980476db72180320ec3483ea660d41a0a1a7cfac91fffd93f7cf4d14378acbff8cb5fffe7fff85f76782e3d09a596767c7c5d75f3e5c66edbedf62da4a7d9ecb8aaaaabb72fe1a30ee090695d4c133e74885f548738a6e7310d6adaf0daa06df64f7f576c77ee834feb1a22ceeae8f8d8e108cdb4870e9d8b5455c553076de9e220b8f7d0e2bc6330c063d5a0190ada42d407b64eb2d57afff685dfadb955a5baab65511d8546b0e6a38912f80cfb820b70bead0e5d076d6a2b8a67c84d824bbdad568372d834f5abf327e3f1c9aeee9e3e7f59a0ccc7f8c3fba71fde7be04ab4c880900ccdc1a139c0553f3e3d865a196ed576bbc54b4cdd1fa34f596e5c246729d33ad20495f67c40db78e7a2f0208f6ee03338043e636f1417a46ce76bc7c8dd47d32a84ee68e50e49177a433880d064c1791f165855506a3071cf53b0291517db62abc0a65c5c173a6a3c79255814acae1b58ce2db2ad23f110defaf0e8646c70bbd2917e13ce5447900ac60236c06c35187cf99baf9f7cf9743a19c12f3fd4edc983876328ac50eca9bcdd37dfbe7e3bbf5d9e9e9cde2e6ed69b5b7869f891a3a3937dbd8da2d6b2fed2f87a09a1ac3940b3c96449eef069705532a9a37df3d82e2e069ffdac1d1ddfdedcc2654103684c709ef4880af63f286c0bf78232a487ab0747a4d9d36383f85a7420c1e50f7cf2f965bbb8f0f0f0886313cfd95b31fd66c0a753bb098699915a2bbcf1cde170b6dda8d50d7e4fa1a3a51615995aac1350b17908cfec163ebe73f71f3c8276e672befef8e1fd47476e644b5b7445c0352714764727c7fb5d05a90d0b41a2c20f4763780879160df7059a1e1ed0c26d8246fbfec3fb7034e13bd7cb0dcd29a9ceef3a4609d35093da2c8c5525457a326620df595e766364a149365e62c867588828f21b4a9cd1684cf6835be49bc33d190d6b22a7132a862a2b0db82e9e2b3cb278324aca8d6a30677925c0fd167c7d444ea447a727b3e3199cf7d572bd5aac0e75ddf92e73dcf1d41b9450fd6e77edabab35bcc4c9c9e97c7d7879763e393a82dffeeacd9bed6e359b4c77bbf5667bdbb50748579085a185c48f9558ac82f9ec888972b5ad6f56bb8f1f0c58689f5108820d81086a3c9259abf5e1bbdf158f3e0dd3d30ab9c41d39d317cc688ffb6f9662f12d8b8607d67a410430bbd854abe6e6ada9770a8793817b47a33281657b839ebda800d2257a08e146e08b2fd73bb82ee8e485cec09d8d00596cc621e960da85770d35eb66733b1c8ca1327d7bf6f2f878f9e8d1c7e7f3d5623b1e98e6b387a727d3a96fd10a7103415afcc6f8312ee0c0c1bb81fb8bfec3507b8cc7dcb2c00781037072ef74349d409c1e1f1d8f98eb8085269502f829dac2e3d9ea588f08aa1337189a11960204c642a62d9989627f0e27eaf8e4a4466c03fa4ac32f6b29a6719302116c3a9d7ef8d187f0e7c57c014f29e5bed226b1114b4172589283a376bb8e5c925db63cc66f8303363b3e9eddbf777cff143e5b554114f3c33d0119d8171cb927f01084f3ebf9e397af6f3715bcdde1680a55daec68375fdcecf7d569074ddfa6a97790df36be998ea7f4201698971d5cafadc00964c521e802e618ed1bffeceaf693fba751729fbf037e0bd1c81d225ae16968ebe6fca92947eefec76e7caf0dce0fc64227e9e479eec88a8b672f3c46a1a27c60f69b6e7ee1370bf6c1e45ad68a8784f82a75942f99b44b730f74a2c018268206767b689e2e9751778c17ca199bcbb2aac570506caae501ee7739346d03577eb7d9bcdc3c3e3a3a7df8f023b8f3af2e1effe8fb9f7ef6e8de6408813040108013c0d41578c96a5f6138302ddf1d083425f330d071b379f9ec1584831134dbb3c9783a45f57d44896049c0221d98002723f84e9ca8e370ce8d507979ba8306785fc3692b7fff273f9ccd66f0c06fb7bbddaea24feea79319bc0f8f22fec46e28580fce9c9f9d8f8623128e47fb0888a53cdbabeb3d9944143a242b38ac916f44c18b06f168447aed0082d0d183fba70f1ecc4ed08ae7d042b89f4c8ea1f42eb135a3187c315ffffaabc7dfbd78b63f54e3e1187e0a71aac3213c46f0484cc7e37ab7daad6f217aedf6db0f1e7eecd15e094a0c9caea17d69bd97b9809a2021189f850228b67ff9f6e68f3efb70301af302ca8ae057cb96f34800c0678416f35d13ae5f39775e96133f3a76c369184ce1ce2948ceb0c227ce6ca13c86ef8752f3f2ca6f17d677acea1e22984b027447a2a184b9a4ad3bc14e3bb63de07a98f2437876bb5ad415fb30c529124412f8a48770606f0378e5435b13286d4856170838e87814b2ee20bc418b353b79f0f4cddbf39bf58393e94f3ffde004de3ca295bd43717b22a468b1cd60f19618ee8e6a7be8a9e176df7ff400be321a8fa956abe1a2905c0f9af31d700b866416eca91d3adea37aa173d3e319b4fb10b0ca7ff1afffe5fd0f1ec1eb9ebd78f39ffeddbfffdfffeb2f211af12f8460cc2d21da6ca334264a69b2ca370d2bc201519dc2cf87aaa5a02080ab5c92bc8767816e97886f610222c625fc62f8d4d3a3233857e51002b0194f495581769410d2219d3cfeeeeddf3d7e3ebf99a3381e94d270593d4a8b404e84a4dd36f5edfced6eb7ec543b00ab2073100433b6fd357c721f3a59aa901715e61aae7b8c8737fa7a557d7d76f38b1f7c8f00aeccf66127e84ed6055e542b8c20535ab75f996a8507aa18dac1c48d669d1d923f15ad1de1e0408ede2c218639ba7fdc2d1565120fd423a6d9954024b41b250f18a2355955315e56fb6f17376a1ca9f244c9081d73059a5205a1df1448b8c2b385784a7c4af038c24feda0bc680e9f7ef653b8f2cb7dfbedc5f29387f74ec743e806a72842d3e5daa256b11ef0ace26303a7018aa4d1104ee20914366d075f81ab0cb509c617281b1cd6cd54ece3ac28c1ec5a8405c07545fd927ffbaffecda38f3e981e4fa18e787b760649c7d1d492ff190ec8bb1de983039a91c00b5aca89e895d029d2cde1a7c5278755ebe1af20ba163471658a9823ce162d02b818a0988f8fc9085e6b389996831169dc987d15feee9b175f7df7baaab6a4325760580e1e2d3c82874a0bb5f99b7ab9ba22c1e28254a8061d4d9939821260bf6bda3a282ebd20110aacebb52d67cccfff7dfef6d353b4ff85834403214bad3d6b557a920056c55cd5e961944b68f761bf6b6faf686e6a897a28501a8ad6a525a28a8054a30607efeb29c8f0809cd7f6381980cb4a5e749427d96edb7f3dbf813046c81761df6662ab22e4601202d8f1fe17151b7c43abbf0195f638835a6f17cfbefbed787c74efc187d56ebd5cade1466f37abfbd3c12f7efce9b010d60f8fcee21c973a4acc9b90b2a0639dcea6f04637ab2d8e3047a3ed6123e5018d6ac554140f09dd1704667a2a4b5df9fcd9abef1e3f23866b674ba896c6d4e040f714504795c9dd749e4841d88c31511641c1a656ccd2f06cd10fe22f45732492f5522b34bafba8b332441bf9e0d6bbc33e6c173b3f3bdec36798cf6f6f6fd74d5ddfde2e6fe68bb757d7f57ed761fbd872bf690de36ce0a11f42db361a4dc623e8c96bd10a25860f34cb941031efd5870a7e9ce7c5bc6282b84a39a5d4de0d0ff4db5df5ab67e7bffce9f78b21dce3014b35932b3816e4d4cf747c5cf488f0a643a780548f52ac2d15fb2fba76d4ac72f0f15cad0a0210ed85899ec5e047ea9f884f5fa837a0a3c7c6be582e1fcf6f6476ca6e3c49d0da455880420d5979d4b2d21aa3307877c243dda6addaaede55b7abf5f5d1e9073ff8ecf3e5e2eaf2f2ecd9617fb35cfce9cf7ff6c1c994a1e22261e404d9cb4f00dc386c02e9dff07faf2faf7997888331acc30cf9288a3c001b65083c8cce005a4441884125129b61c0c814189d7358770e0e35057dfe9598d4481724baf562ebde755091b04a329c8a16e36ac14f36bce9dda1bd5e54978b35d4ec1da6f61994a828b83d1a13a51649974d437d2fd4fbcd1eb240e8d4ba8c10e6908a70586f1c94fc53dcf81c218d132e2809fde11fa84ddce3657570fea2c56b5062b40cc3a034d6f5237cda2faf6e1f4d273ffbf421b43203ba349068696c589293352dca44b4df8a248902511c03058862e2a868a74a062a1a010ff26449f1df04dcc04d338151330ea678ce73514f45ee62b7fef5c59baaada91eb7b2d8e6e2d27865f25993f44044e6485537ac205e457bc8f322910a8bc36c7652d7d5e5c58b6d85e08d17af9e8562f8873ffbfca3e3f1b0844e3014e264a8b022822688595b40cc3784b4f9c50dcf981a84c0074b6d71c9e35a7a6cb4d5c3352c14ef1366e9b44475e464c2f308563bf75d541971a2794ca180661505693d1422666a591915970f70e879640da77a5dd56fd787623859ef176f2eaf9aa6822f4ea12e9b9d94b83b42d8062e25691404690e0d6ba02da9716ec0243c7af66918e3029ba15a5672b54a97e6aff0daba6b0d057ffe7bac7c78d08a35575710ed8f6f1afca7f6dd6fce6f26a3e18727637830a02d82b7010d1004ec01d6821db74b415cc31de17a155763f908ca8a37d0dc8b406c86171b5c9212d8d79a645f8adf0347192f0e7a6e159e79b9242e08ef7e556d7f7dfeeaa65a3bf579d4559d8b5aa1492c2809fd06acf47c44fa58421b709e15a574e80c4e8e3f389a9c5cbd7db1dc2e5831a5ed0e8bf9d5e3e7d3c5c347f78e67e36171342c8ec7e87966a9881e61b8c1e705f70d55c59ec31037abf55eb0c4d85fd396a24884122cd0495e14cb953fff935f9247c110b554581d04da032cc286384ae5e12f4f5b496352b50d51660c7f50303f366a55f35c83a141f0b757cbe5df3e7d538e8fc990080b3ba88eb9fcddefb7d025082c51fa5068aaebf5faf600150fa44b6ca348d08bf77986fd3e30361c9a3d2644138b09a7020ce24bd562cddb4936215a32675ec7c36455e027dfa66eb3efee4f86708179a5c7cb2016ed23eb65aea6d87446c49482b00b9392b36858b2a20cf5da8cdce1ed55a72854781b1575be50d9a8277411853fb7d5fe8bb317cf6e2f83d0c6a217824902c6b43b564c751707908abba7918a5e343e64745fe0613e7af8e8d3dde6f6e6e68c58881dc3a8f668c002e1d7bd393f5bacd7ad1bbf9e6fe65073eefcd5aa86c7ebf8787a72723440f85abbabf6fbdd9ec4911ae82a558784a62f9c44b1801ff01e8ac747c52ffff8cf2cceaf39800d681d8573263c898e475cfc5fbec371e2ea90d34f5a0f9192e0a489c4bf647ce876bfff8bbffdd28d8e2b488824b6076f0bcaf60e8d85f74d47c23a4d6d88100d091e8afde572de1caa06056e1aa7be79f48c0a588f9754bcb3a17a2b90384bc1883ce5d090d7a7244a4f91bc644c6bc1294c2a1bc1f1c12fd8eddbd9c04d47a5b067a1c46b1b3e4d2293cdb0d8e4346533bd579bc94739f60c55e7f2443be002b1aa76e8895162f3c46b0f2a0370d9bfad76bf3d7ff5f4f6b2899c8b9eb64410ee40727da6b725535b97a9fc476e108e239c389c0f4f4f3e808f0f270cbb223a6116bbc8f16c76eff8f81ebcd7cd76b9b85dec1b688d4770d5d69bdddbab9b272fcfbe79fafae5eb4bde8f4161d492997a1c297319caa9122784c473a673563028a3c4104d1f849cd58bcc714621479e6da9bcaceb995d49c78e17ed5e57eac4be75d09d75a685a857b7e1374f9e4f8e1ff2f0116ff300eb689a0e315ebaa542f8e01170bc85c808cf46b5df3232c2e60437ae87951a08c78b4a70d96c4490108b2f905c638858687a91d68b62640882d054c628262a7ff0cdbcda7d758e7fffc1e92cd07480f438f665815b37ce94ac93adbe2072db85c9c5641c1375b5f8c467524f34dc8182f2809a1725d77f99eb9eb959afbebd7af37c7955c3e3618accf4315a9f71867799f8b32e1c2208c49a240fc0ca02ec27c27372572c9757fb7ac7319e98c90394b5194f68675dc373359ec0ff9d4e27936ab7bdb97cb3dd2c1bb2dafbe2efddaf7ef3e90f3efbbd0f1fdefbbd4f1efee0a353de9fb616571cec7b47a3d102630f0de4391c50e14f1a4c94827098168d59834a5623d1d4b33dbc57098dc805639d2104caf0d89afb71888937bbfaece6767cf25171385cde5cc32f5eaf97f026a6d323384c154aeeb264051cb06687b8003f1c4e1af2112264732b6a53f4e7209afd81351ebd90bf94ef66798fae12155e9d13d8d098eddc6913271c0a270a92ccdf451758683e7cb7dc1fbe3a5fc0cf3d3c42f212d16e711608d508049e8036834e960799267fba186aba80cada28df14a24e7640a0904745b4fae06888a8c65e24f4d53637ebf537576f5eafe7bbee2003569dac5946a3f6e921223f687c66e463b46891af33b75f51c2055ede1672c5864f18b1d8a1de9ac0d7e1cce36d406465311a4f47c8acb9bd3e7fb15c5c40b661b2da787c0437e2e2fa6abe5ebfbabcfec9f73ff8939f7ecadc4f16a7c1d4277332972c9139c229f7cd299ea3b02e4aa0e111f0527f6067ed4397c4f4d40c8bab3138bb70f720812f56f5b357afbf7bf9c47a0b41783c99f1d867bd5953c21ece66c7ebd515ee50a1ae2786016473886154d8d2fc908a092feea6d132cfaae0315c249c6e5813f543f007e0c349f36759d443d839c46cefc4f947898c3d2b187210a9bb16e2d5ba0e5f9d2d7efebd706f36e62c437866c44b418a8624c282a81917d50801c4247e0f8ae2d9a889d4314d0a3748cd811aa692b7dd8cec6b427bb3de3cbe797bb1bbdd937c5034b232ea6ae8d5c72e984c074cf45122aa2ac6d18c03a9629150904112dbedd650a550bf897b58865cc1c7c437862df9018ed76c7a7cd857d797af568bb70891a24804bdfc747a8aa32f0875e331b4387ffdf75f1faaed3ffec54f204c39942e6b69ef6714511a3297545376241aedc4d917cd4215c166d83d21e00a162f111e88e092430493284970aaf1e16cbe9d2f7770243715346758546d378b43b33b3a7a00d1abc5a1040a7cad6ee770c886a3c9feb095e182272d3fbafaf099b15c0b07853871edea9d11da3e7f05ade6533a15d5424a529da40c72aa57e83dbe4f1a5c2a8127f8884e8fc60a9080e17186ef814af7c9c5ede71fdd3b0a61342010367181503e03e562a0901a302687272c05111225ae8a9a332e858a827d032c83ef1937569257ab82eb0344eecbf5fad9e2f266bf8118e6452020241146d66a808b133d4d92614d94d1138148d154cac42723d703722504aa5db511a327ac04715d54d07c0e9fda760f35c2ece8140aa6cb8b178bc5598b271ee58fc6c3299c3df8445040d328710401198ae7bffa5d5577e10f7ef8c9f104591d226666335367bd43c52fffe8cf4bf696c5543a2c28a1224a9c5a5821e7260d4b81f63bb55b863f1c42f1f5d9eddf3d7e7a7671c6dcb8d9ec64349aedb6cb6db5e4ea9bca2f265de1ec67329e6cb7b710bd03c4248fdb5636ee846346169cb82ea4dec77b46bc60a35a46b145c64aa02c1d6549060f056d248de94ccfe422445a28b953e1f525bb279bd3b1f94cb3c862dd76d0951c0fb1731e20a89391c4ac4c46e7c6733073a20243b989d1758c19305095d2805295cb0d7b3691893d1f71746a3f5bdd3e99bf85135679f207304588507c160eb76c5180403523624691dca0aa8896017a2cb76c45d99a2e3bbb4d0ccad1747c043d6143618cde2adce111e44a5e49e38d0806d2ce64325dcc2fe68b73f84e069bc0633f9b9e0c8743222cc159443bba1651c3e854b4adfd9bebf5aeb5d02a74c829b0d0a1f3908ccdcf781c58fc933ffda7b42cc22515e432b24ae3c26dc0a3b16c71c12c18a34e19d8a7d5debeb8d9c29186cfb0dddc42f1c8db0c2c62bcdf6d6ff78486180c469cd7ea7ab7db2d11cb8bea9b5b6ab33be1231bd6f92fe5ed11a6a4536f78da6db31a68472b941207b62aed2ea87f93447d745be8a31d2cdf0678c16139f2222b68338332921787fb4c157b850ad4e1de74441319db352dc15c59808e204c88d3d0b915bd082d88699be7c2009f53815353beb6b4bde85834ca131ffd7cb5fcf6e6fcb6de1d42c7bbc7a4d692b4ab79fe52da9ea0898f818c9f373542b48c16561a0773d9dd78348557a86bbada14e309430a616ca0a59f198e20231eef36b78bf9397e27d5e0e56034868308990ab7e07b28694623387347ebf50232ef6832bdfff083e9d1d1f5cde2cbafbffafae9f3ebcdc10e86d03971a1169d50ca886ae5d6118e08da6ff37a08a3459266f55a01042120206d75bed8bebd5a8c109f8f63d57db586fb4067161e1448f027cbcd1c4e15bcd712e3073c34f010ace1df1f3cfc183e7c55755c3091fa338efd433954998938cc227eb00cefe998794751c73133d888fb5f10b14d93ca1713158bd41b900f2e9c07787cadfabc0511b00c07f4ce612a59fb76b31d95eef75d713499d13c1685fa8c2d83c337c0957b4772742872e398614388b4d220c84096e141700de4acc1296fdfd46fd6cb17b7378b7ad70a77d32917376970f0f89e21cb6a3266d577cbabf354f437a181a8e914ef21152d825a093ddbfa2e5617ccf5c7ee8aca2c082b13bc17ebc5e2a2da6f70b98edf04f9748c4d715bd303d2123c7600076eb35d97c5703c9ec12fbe387b7df9e6bbf57a0e51fa76bddaed0fc310fef80f7fdf678abea5f602eaeca6186ad62df0845cd0181655c72339d96e76d56ab53c3a3a42bee570bcdddcacb735247bda724e8f67f70e876a57af36bbe5d1f454046e82afaad566cb7fbba766825987a41b316843a60829ca8a3405eaf8a6e115a4153f1c14c5020785d3f83bded436570b0cd25b74cdb01c139da6cb44b8a974335dd551e047d9d6eecd7233190c7e500cc54782d390676ca123dc04da5213ebc9437443d0bf38d9d0fa8802312d55b18582ffa99be676bfbbdc6dae76db75736849512f18179d856cdfbe992bada4f96b8d8c036d6cacd3cd4bb23546bc66691d83e5073c51d86605192b525c4170efa13d60502b079061b6bb15e616846fc0030ce709a53b0860dd1c10e21bc83f148ffb8307df9bcc8e8fa647f38bb3ebcb97bbeda2456ad3d17432dbac56fff3afbf984d879fffe8fb6d27be60654c36b4186564b713d54e74302865d3a6da6e6a524d02c165b1871a10dfdcfaf8e81ef426902577d51a2e049c3348db70652137b5dda83eec26c32965c382e6d1dd66b3183d184fc6b36edb503083ffe28476301c978c11929a0982868042892a87c49e16455ee1b733d59b6c5a4324a445af5959385b76e920132d4bfb6b440aba16f983b86bf4423a17117ceca0e19c8502ff53c339bb5d4f07a307c747b4623232ff702247ee8a219f5fb4c8a4b92b0a1f9b2297faeeb88becba8bf5ea62b3bcad7135536329aa3cb290986bd1119bb1fe5c98a8f79c4d961ec9fe51ec84886daa6082904ad582e827504b11f73ffa7299a8240337119e861db494b8cac409b67582eae55d3ed6be22e9581287afc58d73d79cbd7a723b3f8706aeeb0ef042d3d9e9f1f1c9fceacdd615fffdff7cb1ad9a3ff8d1c7a44a134a197b46aa383d058ea5b6f02433d6100f07a409171c8f3ce157c29bbb5eaecf2e2fa01cc439fe617f7afae06876badb6fe065e090d5f0bef71b721f2a1b3497ad8625264d721d6ceaa65aad17c7b353f81e2477887027f470a80b1752ff64192f4505bc175110e3b00225fc778b688b48634edb6271b0cfd4163865c213dc6295ed79158313139dfe8bbb205964eea1500806de2b54cbaf17b7f09bc6e5c07324164b4b87900d5b5b82ffc1996109e7d17884330cb162c3f5b075c3ed7efff4faf2cdeaa6c2ded91f48649e8ea9137598a88c1242ae5561759261622433363e475ce868739d0b2d7ad5a674748970c3164cb412731cc5693d332043aa5d8dcccd96d144880ba32a90c0fa5824043c8bc3d1784a00f66e39bf8012685f6dda0e02243265a03fb877ffc3cd6a3e5fbc1d8fa7b3f583bffaf239e4b45f7cfef170c02d9b8a3485a8489be52ba630712287c2973d62e09d5ddcee7ef5bb2757f32b080ca51b40d69f2f2e6793d9d1f4e4763d1fd43b8852f0fe76fb159530702c0e0545663867877607bf6cbfdfccc64750ae41bba0fab101974583919a8519ca68455fc09901a605f32f44a9d7e6a62b36e1ad59644419e7de44b9572c03bc9cdcae50995db5c5c329c3ce77a52f46455135cddbe5f2d1ec788cf5a26156b0e87f0bbf881921ed28b8c3c16068406081618a3224c6a737575081612f8d651ff19358ce3295f38c7d658797ce8a6a90638aab8fd4fe902c44e33ccdeab4992f03e71cae6fb8b487aa4b340e6dee8e8e71040a70e4ef377bbcec78103d6df6116d88d363ecdf19d20885dd08ce196947200b1fee5dd356048ac4a8331c4ce0fa56d5b6a38e6dbd593d78f0e1d9f5ede5cde2fef1a4e4cfa780b590c4d76d97556226b7dd832fbc9d6f7ef3ed8bdbd50a9771d0cd5a0b952374201039e16c6dabf576bf45a8c5780601ac6e768cd2a472e6001decae2647057f80b0073fb87388ba16176e2a324d329714ad392edd28bb387678a56791f18f9dcd0c8f6ccfe7c9f76219cdfd393a16ec2b2506c5487c52400ff31df17b96874361eca428e0815ded2b3b76836260c588889237a95a338d955b8b71edd029002b212cd7d6bbeae9f5cdabf5ed1e41dce12012f2b934136bd13b8525893d09154665489f257e32f5168e25012f615336d4f118a19a990f15dd5255318554976da1a0102a5768b10b153d1ab58ae600bb7a61953e1822928cb4ba77dbeaf670d8e9cb1a3276ed20b641382c703e7574ffde43280a9e9cbd5c2dd169b51441217a160b559e0c4a39a707a38beae2149d214b6efefaeb27b7aba5ef0e23c44fb7bbed0a5af1e9e418be7f0f7f18cf2015c2391b0fb0c0aa1b6e945a4cdea183a21bd15a90e642d81f76a3c118db9f76af2e1f58699654ebb0264f5434e782575585f09a167cc8a410ce753ca24aa18d3e4d41cb1e1c49f8961074323b21323a864cd5fb0bfcb210136e0e7b28b28645d1747e77384c06d02b952c220489a46e0fe23e2070fea2461958740a80f3bcd9d5af96cbb3ddba82fc4b4270dc4586cccb8afa6216cdf6a2fca096a9ea1a15bf33a1c798a940583ddcab12713524cf553ab84c84e568c4b0ed38b009518105f15d8845a05f4dd2c844820cd2f3b2391c027328c20deafd76bb99374d4509df8b0226459fd5ea7ab55d7efcbd1f7ef2f18faaddfad5b3afab6a6390998f733323b68b545a047c385998db29562498b887c662b0fbf2bb37378b1b28aba81309f070cfa627abed62b3bd8516d253af0b351954579071d04dcf414d5663dcee20300c5adf426f8c4b3aeaa20f50841132820660ac06d130ced3a860a2e2dc13882a972d15a8092b804761856c9cef6493ed990f2f56f5b22a601433e3673c3f5b5e551508b0d45ed47bb8fc9362d8165883b09e7dc308044221b6be133cb469ab3dfa81c2ffddd7cdf57a7b5d6dd788fc6f4995d1d1b85f46743aa6637d3f41d907aad6e483a4c697758793777364aee371f7d1594a1dd56978c1ac19cf5a6a41915849f4c8d20c080f19e50456c175baefb24ed1060572d920280ee1ce6cd60b68f23a6194059d98164747f7e1a5be7fff8393d9fdb7e72f6f17170c80a04e0885c183d66394017025e85d287c4c4044c731aa8ef9f8ecea7c7ec39ae874ad718d085dc774385bed1655bd9d9819e1e34aec04a9c3870387500bc38399a269f685d482e8895637fb211e4447df2f7e92d10939536df52ef9055a262f0a12c965164bc96652f817c9484caded549a00812174ffb0052c442f8e48258a3e256e0b2e5eceaaddc815df2f4e90518b7b520bcf6243230a114c60008477dbba664835543af3babedaef2b92dfa65bee4c2e3e4f02263e93c2274c6d978c6da25215fb4498bb4ab63c1dcc2c868260029818e64a6ec9c53bdd8a90940ab0600bd9401ca0442f69d747b765abaa448540aa5127b03ad4bbd61375c574fc6bc86477f2e107dfafeb6ab3593ebff892b9144d87db05c85a03e2fb764e8204d4b3d45b750c9bd130dd89d7055c92f3f9fac9cb0be47316d05b7548eb60ee033d0490f820fd4160e3492925f8418369111b96d01d980ba6185b1ad953dcea64086993b5144b0c2b1a2c5a1f8ab998899843afcaf07defa85c0a50f328712993d694e60f4ba68e9e27b4b4f691cba7c61f8e0447cdcbdd063ee4a3d16440a43f04f1360d8eecba560e0a051284c756f014158bba79bada6cdb966bfca8c7ad6aa399d80bcb5dc90e8d3602f8ef42d362ec8c43fecc08873f641a3999063fa33b49bf4dd4d4ad26596e48210a08264f618feae6222a8dbc39e449ccd04da1d5db60d5c56b83a02a2d50b23aa8c22f2f5ede2eaf5aa2b70d20ab524fc0eb70ccb311d349eef32838c5da16b130251c017ac8dfacabbff9eac9f5d525741670989044a4a85416a181d20ade747580526c4218791c810f3057fa02554f1a2343f94055177c85d1de1dc3aca3c50b7e85576f26a9e8c652d73247cdc44db0b8a4457f82ded8429d1f54983e70dd6335631a35c4a03fcbf565940c7bc619396738537db15d575d7b9f44a138945a8d8d1c405bacf643ed9b45579feff62de9d189d35af247b15ecc6d6d1ad1d109d3da322431d670c7123c798faa9d9065cdc40869a0b84860523c1fadac388302671c8332b04c4264a8674121b1c9e54a348e1b10ade171433818e09dadeb0daff2ac89a5a1998c2670bb6e96d7e877810c4e3843d8ff7168869eefb0ac18239b411c68bca9e73806885037dd6fbef9eeede55955ad9b43dd49b9d6e10acffaa8100a47070e5903d7aeb4c4af6e391a43626a69a5cdb11dfe80b5a4dc76af6aa70ad1a1ea9faa8d36737135261be547af83e8319cf939ead82244c7f7c0d886a43daabfc645e03cc54fb187b062b3a2eb0dc379131a18c89bdba67930426f70a216a9798a1465161ee155b35f350d6f63bba83f27c64f56c380e5bcac03fad68494df394884640e93edca9214b015476159a689d2ab6631a39b4a869fb09d87610d122c66903578a03234ed7c6d741b25dc8a17c61e06a41ac716887654289d650bb351395e6e175ed4b23dca6a117396c6daf0edcd703829330b7b1b77cbce46fb6a1124fbfae5dbb38bcb40b2ac34b86224a8632a2cd1974b276fa838b4159b3837f6c0c791960825a1f2a569217041e1a3303123c6e40d08ec2e16be32c2e6cedf2a42905ce168e3e4f8894c76a26a26647353c9b8544e5ff1216a6e9345b0a3690833967d7482b58a6ba25377dbb67bef8fca720c8f94964ef021a17f841356b1f2001dec2e8ea554365a2c3e044cc54f17b5202a4d1d045c19a16f3db75d13a25a3de7b288003036dd3bd19bf36a94cad8930477a3cc28f29f0ac98b0a87da39b1133cbe1894d41eb548569d786ac429b11d0f27bbfdc677acd01168d94d9c6a160b3361389e1d4def95416e9e68a4c97e8c07ecd46040ac7b7975fbe577cfa1e8a31558c32d4217ba68f92afd1d5df3d20d42d736ed7e508e980648ce7e3c9b76d1399bf90e72c244aacd87f8eb796d17fb2c89136cce2a67847068fc60b9e4e2deffc7279e874444751b102a6f21f065eb35690a8990d04c6a4044982bb94b8e384ea4d009b5a9a63c52c2f73e62a6b3a025860b747434e4b38b176fba22ea4b170e42fa0aaa7e992802aa986f5dc65c4a85676080a953670999af6740131be76aacbca7da84f2530c4591b689e9ec08e31d20e5a7558d37f5048013865aad4d8d9132748eeb1cacb90d21558ac968361ace5a42830ae72f21ddb0cb088c34820b0df5d7df7ef3bcaa3687462477d21b67f002b13c1a5abecab38d45fdc141dc2ab466451d4b5370c6b4561ce96c665e962a281ea0b788da153b9e6c2791313678ceae78ec2e7745d66499ecdd5dcf0c5d0e5cc87d14c9ce8f32574796d0518a96b3ba67786ae6ce8e0f644353d3a0b4c71473f2364e053874fd68050243572c85eba40a6d93d19df638361d3386cc18952c4826f69d72335dd435508d195da8f3e6a620290e42ec19c19cc9ab6909eb1543856c171cc056344bef62034f3a51836abfd5b38857a0c52526b6d205ae708744bedab0dfa5be87484708bae4a776ecef9fbcbebebe6a1b1c5993846e47ad9fe7625b0c2cf03186b242b859045be6ad22a2b9593487d4835c171584d3cd8ebe93c9108e2d68741419b7754608b1363ad8058ee13ef88cfa12a24f8bb171f068d30633a9f3c51a4e091941c8173c3153a13fe2d9885186e169b88cdfe260535f8a51d0d1823d1a69e46c0f3e612ab56cb526947d23073b6f426e526eb2cdbf95f648a11674f2c875d0f3264a3e4550712093c0f2b845a07137c38132088a5599adf4cb10ab5c0ed13101c9f7ad12ecf0d58783312a36068157315bcccb1b28687a82d67bdc0a940990287c1b0dde01b29f7b7579fbfcf5199c3038cbd05fc02f33de47a756824e882f0982419104813d26166038e06ee1501658e01ba94f6519a7cf3991b0e9cc256fecf48cc6a737649596c2eb35a288ed592cfff5c8ba38c288fa111a2da34f913aaceb58246f2e8ce19ac4b97450e4c9a06d4f225ca6ad5bbc97c90fd045571445265b2f8723f45c1a939b93ebdb6a079b5c88e2aed2993b136712eeb3ba34f25c6e4623044dbd090591b514da407469aba85fe741ff76b746209df4d1f87894050a491fda033f9a8cac692199e19c0be1fbd2b1d982c714255f097ee65ddad722e0e3e59bc5974f5f36ad4cf071fa051d090aaf75dc7e65336931f8c5a12bbe890159dc88c80c0f82a8844a7801ab858b35094064939eb48937b25fff9a04aec8f67ada7e46a06266986172ef0cabc8ad18b83c0f454336f7b06a314b468cf65df579456d2402a446299fc9bfdb6c82124bb11012b232fb57b8f30ef929f2363a78ea057256d7ffbdcfc7b783a7fcc9cf2d88887988feafa29711a2f79e946271fe68a299bc73c30205941a5aed449764140e2b279dd0ad556d8a9e1c9786949e8f18f11c5c995597361291e001feedb3377ff5c56fab6a298005429a43901c21ccb281feb161b90069418311bfeac04b039e1493954d2bfc1c32cf941ec658b982c9028dbe126ceebd7aa78ae77a2ba4b2c766cfa2e4bcec4cdad46a9b2cc848d5e64c44c44bfd26864c8a99f1d406a99741e6b11c3733d974214eae0bb67367cb620da2a45c22d5584783ab1e062996d24e5adde452ef222e249e197a35cf08ec189a52c72713ae908a3d512ab0621a6da3b16b369053a3107e7ea97f2d2dee7677f596c252d00949181423525269755c5758dc8575ccce370ccdc27e1199f17469bb32b1a11319cbed0ecd37cfbedb6c6f18b026231c3687c7b2d30d8a31fcb2b6ab9bb6e629aba67fd135316258e3d89e86c3384ed5694bc3eb159e2e6b071e6ca448d8846b89d88364c19b85a80c406b72bc7f5e87c528a5ad8396efa92df071629b7cbb65a7e043ef17f6c35996e512ea2bdef75ed6b34af8ee0d54d3a79297715c3aa801994b4e79996f56b47ce3544e80cc7c911b42fe4b9300bcb3322d6a05bd1d6cf204b6b105e731ca80500b287dabfe728101e6851bd092c34b67c4b58d88c704c6c246441ac3944a75b34918738b4a13edbedeb3982af2fd7d06db345801c625eb6030c2693e8d3618726365b0d98abe01e93f50aa667fb538bd8c2134993147d7ea2cf8444e51bf094b5fb0529d292b335edc9e1979ec6c6240d0e027f4f47492ac4d4226e23b62130e2ab51559acf0d9bbb4a95b0d26fad5257759d9415945002437bbfeb2323d3feab8ed6c1cf028f64df7026dd6c61a5593d1b36e44295431a99ed3ba8d773c3922c98da00d9b39347b55d7673ca3c1223e30f5902787054f92e96fe3968c64f6ad53ef07d6eb92ac9c0c29af17484e672e090acd20f6a2612ca5ecc5e833d024961d4fb1c4235e6ecb1184db0226d27073c08d5e1742ecfbd41b2044fa80a6adcc43b3e74796a619364b94b9365cb8136e7ac0d8f413696e1eb8229630e8e24b6bdb413fd5195b64fe9b62991dc36e8ac12664a6326946afd6ab3a7c32f64e40ee3941c7d252498ca91ea473e3b55a88a39488242395356d74e57d46b822472a9f8c7d7b95488abe243887ea960daffb68c5ce5d0b25a2a0937aa7c9d8b348255793052db5145d85c56229be79112d5914bb7dfdbbc7dfd528d5c9c6efccf12fac4d1a1e1c39ad9a8e722f8ddc40675962531f3fcfe995e7a84e051d784d28244a092ac22474c9372c5d01db6bef4c9e03a56ee5de29d84c4ac9de757c8cb75ea9dfd9b9d15b6b3320743a01ca07b6b6df0bc63f872c7bc7c231d5d02655843eba8fbad83d5b9e991482af66fb2d0aa145f6193466671f308e5c43dcbbabef4b6edf9c06fd2c1d23f54f8cafa6efac452a4388a7157d6fd1339241178b5738dd5b30ecd1462833ae1687a51bc8ac9eb4834a135d0955e3fe77dfbdb8448d3f05155962963a31a8d6d2d8703d280068ab542d8cb48302e566e3ce9ba7c9a25018424fcfa5b7970c59b32615ae8f5aa6f9031d7779912526d8659bf446629514b270212b9e5ec368f35dc19d5ec3f6e08f329c1371093a07fab7bef7ae52dc49674c8fb0ee27adcb6e300df1b502cb961329c76bfa4bd73ff6a252ad5ba6c071e8b22959a6a7454090fa54d8773e75d0f599a3a3d33ac372b441bd2a398c795935122096eaa254a194e508c7b0ea7dea09465016c9e306c169f3f5f6db97afb1f04275a73a745d64f2607b4c0c5b4dfe9c07bd0e426509ca7b0954c591bff2bcada3c2a530368d16193f6044c2c99ad4b85913f25b64338cbf8d54e3ace94f8f740c8ac66683820c25af90049bc1807cd40d88e3ae7c09216f3268692669b413b867568bddc17ff496a752e8a5e09577135a4b72e5e074e01ed278cf9a3b2335f5e34ea1485ce2ec9d073264e0039ed41935d4366964a846e562cb427841cb6da9288a3a93819538aa7b5107d2b1250efa47810e8feae5b60529f0a47a138ec29397679bedda93710b6ee9599f3259b97a115e5382af133d69e10bcbfe36daf3c89ad6d37a341d099b6e801631fd65b031d6a6a633199a46351ec1dd695ba0c83393a6535934f277fad58866c9860836bf2b8cfd9337ca47526ab638748f6b31db2f173961c5d16eda30a67546c8c6a15603ab4d8ecaa2c9636cacef926b65fc9e343b4a4dab4d7d526aa6f221084f657a6921648d797a7a03010e18e4ef62fca5f6516582786ed01a860110007940c0fa86808331a9e02153492654f5992f374f5fbe22818006be322a47a1082c152231c933c7c745ef6a214688f441f0bc40b396e53de339b3549c09c420d6e804e18f0558ef825a9b6738058904934f3a527ccb8aaa1ef2426f4614f78a17293b71366dd2e250cd667939d8bb43dd9055d262bc66e3a2c25a19ce247c62ec6f58efc9f68ea0955d52e8f5c5a167c29e255f9fbf891013b671bd32368dfcf2d55c1c14860ce99f8022c9483e49b6d84890885334bcb508c8c6c3141a7e594f62dbc8b1f562c56a081a837bd2d095a96009e6db57af77fb0a216ac8200f889b6cf69d968a4cf165420fd686c1a97a8157288e2dd48c5046af22ac2ac0f6f844abff5cd004240d7d3a670c82b5597e0c410d13425ebee50590ae9e6c148f4b7047bd7f2e1ec9e868ad3226b132edc1d26c1f6e636ddfb2311bfbdb906d174336e18b13fb10bbe1589031923ee4b137627fa346a9c9676f5d86b16306792715687c5c754e2b3460b5744ebb7d2d24d581d7e44b4c091ea1d355362d45748ec2e411a20234f1e174b61c0fa6acfe1488bf948d2dd16485aaf5c2de2cd76717d7a34159d755556d5a14a36e78d0ca23e3b4ce51391023aada05cbbe292adf44280bd5b712d2bc4f9d7a9052bdd7c79b6c8ffb9e3accea425ace6b91a6c7fd8e4f8f575c1e6769145d88430e7de03ba5223f11181d9f3b3ea0b1aed71da4c9939834296ab86073199694a0b5f8eac9e7a5ded766cb30c7bd67da4bc63e40aac67c7097571836c6ecac2c89913edcd19ab24acf493005f1e5f14ca661d516c29fdbbcf276e85946b86dad65068309198a1d546c10a969aafced4bc6a95587c3df7cf3edcde26abfdfd6873dab01b0e02a235242b22f0f3683abe7e0806c088e87c0f1c803e100c275f65262eb8131e214d49bd5d87466fa938c783d8ad884e743262f9a64453ebf906951763bdec300c84362c8bfd3268085c926b009e2a73fa21dbc6ca36c64b0c500eab3c5a8568169ef65ed3b9d6df6b465614c107f36b59c71662de5639aee11b1d9f7354142c27544c761c578cb584e850ee27a340371f0d07f4820ab465f390c8a4969cba6adbd4cc568b44ae8074613624d06e5d8574f9e3f7df60c2d05da264ef642128ccc312782d3cf6a0e2eaed3bbd1c6c708258924f071d22679d34403579b56c8ea452d1fc865989d843816987154164c56c7dcabba6ccac077c0dfe160660032d39baae97cd86633df6ccf91968c31f5d86c3a14575c9641a0219a7f072b6bab3b69373989840cc79352445aabdb60f2cf6adffb3a265eaa5835e43ecc2990c5f5be043c9fd32214a3a6fa67a4db95c221cd14707129db1d3e736581a59848fbaa221341bcb8330848793cb4ed8bd7674db317352c0a06acd4e045ef4aed22396b3911278fc56050eb82746579bd2f6041c196f2f096fa4da56c98ac6c56c4abd5eeac3fc9cc438cd5c069937d1a17d1213f7c41313c77466c7197905a2dc952f9b2306a52e4c3aa3bef2261146dbea48c95958d403793ebd7c9882fb23bfa83b910a5f9828d101dc6ef7577a27b08262f337c3e874e68154de651512b9fefdc5db026c9a738170ffae430f29e56885e6076c508e7aed41daa1a21c39889604f87048924cbf576b55923b9409e7b2ae3bb8c2644319d06c1bc9775eac8e163af1c127f28316ce9c12c0c2fcb640c23efc3d9b4c20921153bc1b858d2de858ac6197abe568eeb15c32c2609ab11e79243fdd2b433e48baa904f9b7480624cbf5dbdbbac32e983f77b4f976d497d06dbca5a8174c26c4c6541de38bbf2f88886d2fec4c7406f230432ad817b6013399742eb9202ccf6c147218dd952419c972e59cfceef4c803d9e457d0d5b900cd96c194f180d3bc4050177f06de4eea101c4dbcb1b92682f78a040425a9d16f185115f84a0a4793958a9048817cc3a6d11e2a2c3e9a588c0449fcd209c49ccafb8b6ce0aa47ccb984d9b927aaa8d7c465e3f5a9b066a36c3f5f54141319b6743939060e536fbcd214d335367cc48afc2f6d2690448877c1293c121dfd92a0499d1eb6039e4d3bc905617369b7abc33e33599b974841ca7f59725ed2d6b13223cefd6d5792e8fc3214e45b82c71261d5c729b4205783e7010a14a8d5864dc481acaf00dde34f10620396a5d1f5ebfbd108f503105262eae0a6106566ee26d3cfb7ed39ba0b6d1dc59d2f11e2ac8278893155242b421c39d70c872792ab1a6a7679121b5f2c5526cc87aa1def6f7e709fdaa97dce7ebf37ef2cc6398d5dbd49bcbdb1c54941e9e08e1f7d936290e994346cdcd9ae790f521eece522d0bd08ae4d6116f303db06c368bc8776977576256ab5b163b0e1992364349e5b158665282054a1940c5bc45959cc35849be6a8d9a8613a106fd883b278f0d52d4504ae3d5f9d57cb524618c81f388cd57b7bc56ddbbb14941df1cf80be79d8fe0a2a08692f1037893f8b7b2bbc9aea80d361264b4bd0ae9e1ca956b7ae30c8d723ee35a989e6c97b9d31272800b364742a7696d8c1a215bd8442127a9886d4f4ac7d83b93d17c6826cb7e5d9dd9c43078a7ab95d54ffe34a5dd83cd42629c1386a89911858a52780bc1e415968d5b87b897cb30ba79b9c9df11de05ad24945410745084bb53ae24b5680243888019f11dd96304831c210e1996342851291cb78be5e3172f5144934ed5810c6928000a414d267272a57df4f7114a70e03d3cc379bd4920175dc564609d100b03913c8d172daa5426746ef240c87483b3ab4b3d4e2e49763741e9e8910e8b7b775e65cd3b5d9989ba513d084ec8f875c904211b9086a888d6f56f59b0775b96489931ef481009a83ac727a7c586f65e293c6573ca90381a19cecdf63be210f92d776687216b30434e1d8804777e19f4ad86a748adcb88a1de51d0722a15d3296602cda5ca62c028593819e5ebf357d05712995873a26c87429430f2e28f108d3c62a9a12ef728002ee447a624d8b8ba48feee9a4e0503990a1c2d6e59912b2f3e248a45da83cd065d194a3bf4db28176c4fd553e7253e6fb8e23acf64cf77da71856c226ba2f34450766e1e52f99a3023d7e77a7d71b261b37d5136167599be7b4e0c51e98a6c52184c5e97f443f0bb2d49269617dbd90cc3996852b15d889469de952b1bd7ea23c424280e040cf26142b511e55776f9a08d1306305b444e2efc533675d5d1c2db87d6aa601f596c781b23481cdcf5a0a9948f3a1f0dcc5810cbaa857174e9cbe05641f1f236f4ea88b42033d94ec6dcad1b4202cbdd013df7628fd7854cc4ca4a02ebd7ce3cbf8a05a54da7c2e6938dfe5a424a039775bd3e96c926211a225ce1cee24fbb875435da3b01b38f118a820c91dedd47bb659bba0cb36993349bd6a382584e1f438b431b7afacd711894f7104443a19767351a52c9332282c97855da9ac809f342fc16326cc98e68085c89a1cb44979ef8617c7aee13493a4420097f32e643abbd971542b565e17aa78b3b42f1128c3109846885a1e3571b1343ec97a2328a68d629135d1f42df1b3484d0c39ebec349b15a85f5d6de3d59948c0c6eb4f4323d8fa360fc9d549816a6f94109a9caec6f1ff2b716faa736c1bd7b03d6908069faf791a010a37d1c27a7a3697320b72e6a650897fa4dd584b082df0f3dfa6a50416ac394a7286fc5345294aa720c716d847ba264e6b223c6119578a445af97320278d89c88de6ca7930b717fcc4ebfa6c56c94eca8e81300509f7114b76c41fa5c9bb40b083677b76e8a0ae3d9f05a2937366f19ed7b687051ac208b4f3954ff5d9c62869dce7adbb8338c989fa44a1d974521dc39b009dd2365a8552fe05e3d6eefe0c5a3e1e1fb1b88deeacce443903eaa29987c289877ce69821c32845350a2becbaf4eda945a958aa6da467cb07189840cc820b6c53ecaf4f109467316134a7450729dfa2ec5197a6a6a8cdcfb90d4be14d71a5bb66cec4ec752a80a05cb6e65d32f6633ba2cd785b4e84bcc0b394f543bf4f86dfdb14e648c459c81cdfad324d9754708fb9dc5a57d077eabed4e9ac8f3db733d0859e809db599b01e6b3de4107aabde49ec1cbdf19dd24ed885855325dc5d96ca5c1764aef608763ad79e7ab218fd5090090f7ddd9b22b5346b039903be8501da19bc4182a48a188c400399515b94e07aad725efc13834e094d7535ecf961d465189119cc87eb2cea99586807fb89e207f9c74ed435e021b9b3d6921a74ee81eafe737962106424e910da6ef28da8f64fd109531b3b322a69fc6ac4dc3d51c7aa6aad336b678f94628d128ed3b54006bfaee41d94f0555137ecf86bc97cd73d70b7be783d9fe00c258f31efd99e46d10327f9038090a5a5f2a9e24ad88e39449369b4e744f799ce1c80099ed259d6e14531353fa6092f0af15e6b4c2387533676da62ded6cfc7dbd5d20a73d679371435c40f1c3a03e361953b2b7f7551a486f0a20f2352926e4ea2351cec5586bfeffffd8de1a39d9c29b5c8c24612dfa3d490c332245968eb84d6a003627380a2ed0f6584ca117566c1f9b1ae7732eef23fb88a4901fa75c3357e2500feb16fa93149b4d1f338ea9b17748acda9c295c2aeefc436f27467ad096a05b9e55303af6015649dad8b30b709f5f994b74923ae8c41addc46c657b2aa6b62f92991e88225d232b227a8cedf1c20b2d78486b4d6f021a5546b26bdd8ba009cf93a8dc392336bc13aeee3ce12e1f7d983eed36ff9f04c67d471b210168b59451986b8c01f199f4f998ea1d4693551481e9957ad20afa1efd3329a6f4661dbd56db848cb895f02a361b2ec7657d1e131205546b24964c8b0a1a02a6523fd3089665d916eee20946db75389760495a171912bc962c1ca2fe4b1354d29b8d21a18492a18592d943d6bb4841675863378f7021a9b684a80d69a496571514dac088866f5c56da388dd47366e366c6de15b2bbbb1a087d9481c9027b3ec97c1f0ff37d057f16626cbf46e9e5cb647e940d017a357b08193c53ab31e9e88a8c3f62e304db9abb6d5ece313277302929c6f4d9f4aca798e928a4919e0dd91429bc43849755a6cd943efa587471038e53aa6478c8269f69f0c383dc52de49889841cba46197e5735289b7c9635517d2be4b90a3104556b3dabdb720b636f96530992023fc28d42164a42a3cbe5697bbc1f6762ea949cb453ce3a0237f1cb23d5016037a9bd6f0cea97d4789a09f3403d5b389b0687b23fc9eda9eb549602c8ed7439fe162a53c32497df86e8b1c7296bc6e3033afaff791a4f215fb9dcc9fb2586f1f1c1266c444916cb56d8b19c1c519421c28740ce767fb097d456833d123815a07522de84ad213c42c4972f09d50dab97ec797b026c1f348832a0d38a42654d53f49bcfd8d65c409677d05cb914473035e741a2bdc38139cf6cf36150d715cf6be416e56dbd877eae4146583e973305de8a9b1dea5754668543f046acfa7d32997ab6f645d984d926b77ca419b4f65dfd7a3e42f903641bc5790fa521590723f3cdb0f06bd3d91728ad20a34abed58bd2b6402d069436072ddad20ae8f8298e8923c870eb159648596da51c4cf97623fe1c55126a4ebe8e3d056b5e018f3e5f209a14a92442302b1920b490fd7f4442ea4b073116b150b9d7c416b7baba3c49cb4a63f6f0cd9badbaa9dbab8acd95cd729f4288c361b649b4c423b7366ce1346ded25a9bcf5cb29b11b398cd8952a6a7276a4d4e5cef07bfec5387f73d2ce14ebaefed87fa3083be304de8294cda8ca1aff4058172995ea08a915205a045c799847370dc1fa70cc914491368267c40780dc1f614cc28e96494a32679361409a013e561d31c39bd09ad8a5c4a68799090e691b787ce26548555c5e15458383543cbcab50cc61901a921f49efba4a4c404ed9cfd9be3f44d9eeefa308cdeb8ab279f16f78fe9e4f7e510f2ba34a4697612f514708a4bcd4a3f52e6a13964efa63f0d492a34e1ceca2be40c2ed78f8cbdd2239b8338dde3e4ce4b2e0d88ed7b7002de44357897652b31b5cd92983a7458f656223459103527f4fee855cd56a03b3c3863e10376b04a75819046ba142422605cee32ff8fd31a25ce79bcb57ded01d548cdb546427fb49d35232175a2d6be6f70df4343e7ca3cf63d63511bd9fe3d258c3b9d47c8373fec282330fca878a7272c528edff112d1f63e8766e6f934878647aeca1d7981de66cada0cc41bc25d825dc63f60a5649bb5e7b6470c323d3d40796e7c04c1508a73a2c6276f39b18d7a6c64793bff4f80010071c85488a3bafb5f0000000049454e44ae426082, 3);
INSERT INTO `users` (`userId`, `userName`, `userSurname`, `userMail`, `birthDate`, `userPasswd`, `userNickname`, `regDate`, `dataPrivacy`, `userImg`, `userAuth`) VALUES
(64, 'mmm', 'mmm', 'mmmm@m.com', '2001-10-10', 'mmm', 'mmm', '2021-11-25', NULL, 0x30, 1),
(69, '', '', '', '0000-00-00', '', '', '2021-11-25', NULL, NULL, 1),
(72, 'TOBB Genç', 'Girişimciler Kurulu', 'tobb@mail.com', '2021-12-17', 'tobb', 'tobb', '2021-12-17', NULL, NULL, 3),
(73, 'Product', 'Hunt Istanbul', 'hunt@mail.com', '0006-10-16', 'producthunt', 'producthunt', '2021-12-17', NULL, NULL, 3),
(74, 'Ablenton UG', 'Istanbul', 'ablenton@mail.com', '2001-06-16', 'ablenton', 'ablenton', '2021-12-17', NULL, NULL, 3),
(75, 'deneme', 'deneme', 'deneme@gmail.com', '0006-02-16', 'deneme', 'deneme', '2021-12-22', NULL, NULL, 1),
(76, 'example', 'example', 'ex@mail.com', '0010-10-10', 'example', 'example', '2022-01-08', NULL, NULL, 1),
(77, 'ornek', 'ornek', 'ornek@mail.com', '2010-10-10', 'ornek', 'ornek', '2022-01-08', NULL, NULL, 1);

--
-- Dökümü yapılmış tablolar için indeksler
--

--
-- Tablo için indeksler `authorization`
--
ALTER TABLE `authorization`
  ADD PRIMARY KEY (`authId`);

--
-- Tablo için indeksler `event`
--
ALTER TABLE `event`
  ADD PRIMARY KEY (`eventId`),
  ADD KEY `creatorId` (`creatorId`),
  ADD KEY `location_FK` (`location_FK`);

--
-- Tablo için indeksler `eventusers`
--
ALTER TABLE `eventusers`
  ADD PRIMARY KEY (`Id`),
  ADD KEY `userId_FK` (`userId_FK`),
  ADD KEY `eventId_FK` (`eventId_FK`);

--
-- Tablo için indeksler `groups`
--
ALTER TABLE `groups`
  ADD PRIMARY KEY (`groupId`),
  ADD KEY `creatorId` (`creatorId`);

--
-- Tablo için indeksler `groupusers`
--
ALTER TABLE `groupusers`
  ADD PRIMARY KEY (`Id`),
  ADD KEY `userId_FK` (`userId_FK`),
  ADD KEY `groupId_FK` (`groupId_FK`);

--
-- Tablo için indeksler `location`
--
ALTER TABLE `location`
  ADD PRIMARY KEY (`locationId`);

--
-- Tablo için indeksler `userbio`
--
ALTER TABLE `userbio`
  ADD PRIMARY KEY (`Id`),
  ADD KEY `userId_FK` (`userId_FK`);

--
-- Tablo için indeksler `users`
--
ALTER TABLE `users`
  ADD PRIMARY KEY (`userId`),
  ADD KEY `userAuth` (`userAuth`);

--
-- Dökümü yapılmış tablolar için AUTO_INCREMENT değeri
--

--
-- Tablo için AUTO_INCREMENT değeri `authorization`
--
ALTER TABLE `authorization`
  MODIFY `authId` int(11) NOT NULL AUTO_INCREMENT, AUTO_INCREMENT=4;

--
-- Tablo için AUTO_INCREMENT değeri `event`
--
ALTER TABLE `event`
  MODIFY `eventId` int(11) NOT NULL AUTO_INCREMENT, AUTO_INCREMENT=103;

--
-- Tablo için AUTO_INCREMENT değeri `eventusers`
--
ALTER TABLE `eventusers`
  MODIFY `Id` int(11) NOT NULL AUTO_INCREMENT;

--
-- Tablo için AUTO_INCREMENT değeri `groups`
--
ALTER TABLE `groups`
  MODIFY `groupId` int(11) NOT NULL AUTO_INCREMENT;

--
-- Tablo için AUTO_INCREMENT değeri `groupusers`
--
ALTER TABLE `groupusers`
  MODIFY `Id` int(11) NOT NULL AUTO_INCREMENT;

--
-- Tablo için AUTO_INCREMENT değeri `location`
--
ALTER TABLE `location`
  MODIFY `locationId` int(11) NOT NULL AUTO_INCREMENT, AUTO_INCREMENT=7;

--
-- Tablo için AUTO_INCREMENT değeri `userbio`
--
ALTER TABLE `userbio`
  MODIFY `Id` int(11) NOT NULL AUTO_INCREMENT;

--
-- Tablo için AUTO_INCREMENT değeri `users`
--
ALTER TABLE `users`
  MODIFY `userId` int(11) NOT NULL AUTO_INCREMENT, AUTO_INCREMENT=78;

--
-- Dökümü yapılmış tablolar için kısıtlamalar
--

--
-- Tablo kısıtlamaları `event`
--
ALTER TABLE `event`
  ADD CONSTRAINT `event_ibfk_1` FOREIGN KEY (`creatorId`) REFERENCES `users` (`userId`),
  ADD CONSTRAINT `event_ibfk_2` FOREIGN KEY (`location_FK`) REFERENCES `location` (`locationId`);

--
-- Tablo kısıtlamaları `eventusers`
--
ALTER TABLE `eventusers`
  ADD CONSTRAINT `eventusers_ibfk_1` FOREIGN KEY (`userId_FK`) REFERENCES `users` (`userId`),
  ADD CONSTRAINT `eventusers_ibfk_2` FOREIGN KEY (`eventId_FK`) REFERENCES `event` (`eventId`);

--
-- Tablo kısıtlamaları `groups`
--
ALTER TABLE `groups`
  ADD CONSTRAINT `groups_ibfk_1` FOREIGN KEY (`creatorId`) REFERENCES `users` (`userId`);

--
-- Tablo kısıtlamaları `groupusers`
--
ALTER TABLE `groupusers`
  ADD CONSTRAINT `groupusers_ibfk_1` FOREIGN KEY (`userId_FK`) REFERENCES `users` (`userId`),
  ADD CONSTRAINT `groupusers_ibfk_2` FOREIGN KEY (`groupId_FK`) REFERENCES `groups` (`groupId`);

--
-- Tablo kısıtlamaları `userbio`
--
ALTER TABLE `userbio`
  ADD CONSTRAINT `userbio_ibfk_1` FOREIGN KEY (`userId_FK`) REFERENCES `users` (`userId`);

--
-- Tablo kısıtlamaları `users`
--
ALTER TABLE `users`
  ADD CONSTRAINT `users_ibfk_1` FOREIGN KEY (`userAuth`) REFERENCES `authorization` (`authId`);
COMMIT;

/*!40101 SET CHARACTER_SET_CLIENT=@OLD_CHARACTER_SET_CLIENT */;
/*!40101 SET CHARACTER_SET_RESULTS=@OLD_CHARACTER_SET_RESULTS */;
/*!40101 SET COLLATION_CONNECTION=@OLD_COLLATION_CONNECTION */;
